stop_id,stop_code,stop_name,stop_desc,stop_lat,stop_lon,location_type,parent_station,zone_id
3,38833,מרכז ראשונים/הנחשול,רחוב: הנחשול 30 עיר: ראשון לציון רציף:  קומה: ,31.984553,34.782828,0,,38833
17,38847,חיים ברלב/שדרות יצחק רבין,רחוב: חיים ברלב 5 עיר: ראשון לציון רציף:  קומה: ,31.978011,34.764342,0,,38847
24,38854,מחנה צריפין/מועדון,רחוב:   עיר: ראשון לציון רציף:  קומה: ,31.963668,34.836363,0,,38854
72,38902,ברשבסקי/מנחם כהן,רחוב: ברשבסקי 19 עיר: ראשון לציון רציף:  קומה: ,31.973257,34.812308,0,,38902
74,38904,יעקב פריימן/בנימין שמוטקין,רחוב: יעקב פריימן 9 עיר: ראשון לציון רציף:  קומה: ,31.975479,34.813355,0,,38904
75,38905,אנילביץ'/שלום אש,רחוב: אנילביץ' 13 עיר: ראשון לציון רציף:  קומה: ,31.982177,34.789445,0,,38905
76,38906,נחמיה/בית העלמין,רחוב: נחמיה 71 עיר: ראשון לציון רציף:  קומה: ,31.948552,34.822422,0,,38906
77,38907,יהודה הלוי/גבעתי,רחוב: יהודה הלוי 85 עיר: ראשון לציון רציף:  קומה: ,31.967681,34.815998,0,,38907
81,38911,גרינשפן/יגאל אלון,רחוב: גרינשפן עיר: ראשון לציון רציף:  קומה: ,31.956842,34.814839,0,,38911
82,38912,השומר/האבות,רחוב: השומר 22 עיר: ראשון לציון רציף:  קומה: ,31.959821,34.814747,0,,38912
83,38913,משה שרת/יעקב קנר,רחוב: משה שרת 28 עיר: ראשון לציון רציף:  קומה: ,31.993406,34.754646,0,,38913
84,38914,מרכז ראשונים/הדייגים,רחוב: הדייגים 45 עיר: ראשון לציון רציף:  קומה: ,31.98497,34.78262,0,,38914
86,38916,יוסף בורג/משואות יצחק,רחוב: ד''ר יוסף בורג 9 עיר: ראשון לציון רציף:  קומה: ,31.968049,34.818099,0,,38916
87,38917,יוסף בורג/כתריאל רפפורט,רחוב: ד''ר יוסף בורג עיר: ראשון לציון רציף:  קומה: ,31.968936,34.820043,0,,38917
90,38920,שדרות משה דיין/יוסף לישנסקי,רחוב: שדרות משה דיין עיר: ראשון לציון רציף:  קומה: ,31.98568,34.764014,0,,38920
91,38921,השר חיים שפירא/יוסף ספיר,רחוב: השר חיים משה שפירא 4 עיר: ראשון לציון רציף:  קומה: ,31.992583,34.751999,0,,38921
92,38922,השר חיים שפירא/הרב שלום ג'רופי,רחוב: השר חיים משה שפירא 16 עיר: ראשון לציון רציף:  קומה: ,31.990757,34.755683,0,,38922
94,39001,שדרות יעקב/נחמיה,רחוב: שדרות יעקב 65 עיר: ראשון לציון רציף:  קומה: ,31.950002,34.819131,0,,39001
95,39002,שדרות יעקב/יוסף הנשיא,רחוב: שדרות יעקב 53 עיר: ראשון לציון רציף:  קומה: ,31.951813,34.820214,0,,39002
642,39569,אנילביץ/שלמה המלך,רחוב: אנילביץ' 2 עיר: ראשון לציון רציף:  קומה: ,31.980533,34.789306,0,,39569
971,39937,רוז'נסקי/דוד רזיאל,רחוב: רוז'נסקי 10 עיר: ראשון לציון רציף:  קומה: ,31.987031,34.770425,0,,39937
972,39938,רוז'נסקי/דוד רזיאל,רחוב: רוז'נסקי 5 עיר: ראשון לציון רציף:  קומה: ,31.986975,34.770778,0,,39938
975,39941,מסוף קניון הזהב,רחוב:   עיר: ראשון לציון רציף:  קומה: ,31.989034,34.775225,1,,39941
976,39942,אברהם בר/רוז'נסקי,רחוב: אברהם בר 24 עיר: ראשון לציון רציף:  קומה: ,31.985865,34.774205,0,,39942
977,39943,קניון הזהב/דוד סחרוב,רחוב: דוד סחרוב 28 עיר: ראשון לציון רציף:  קומה: ,31.989251,34.774917,0,,39943
9446,1243,פתח תקוה/זכרון יעקב,רחוב: ראשון לציון 5 עיר: ירושלים רציף:  קומה: ,31.793459,35.201571,0,,1243
14599,30001,צומת בית דגן,רחוב:   עיר: ראשון לציון רציף:  קומה: ,32.001227,34.820309,0,,30001
14609,30011,איקאה/מרק מושביץ,רחוב: היוזמה 2 עיר: ראשון לציון רציף:  קומה: ,31.950982,34.770578,0,,30011
15530,31208,יוסף לישנסקי/דוד סחרוב,רחוב: יוסף לישנסקי 17 עיר: ראשון לציון רציף:  קומה: ,31.992394,34.766781,0,,31208
15578,31266,כביש 42/נטעים,רחוב: 42 עיר: ראשון לציון רציף:  קומה: ,31.944577,34.781611,0,,31266
15591,31283,דרך המכבים/שדרות הציונות,רחוב: דרך המכבים 39 עיר: ראשון לציון רציף:  קומה: ,31.980172,34.808865,0,,31283
15592,31285,לוי אשכול/ישראל גלילי,רחוב: לוי אשכול 34 עיר: ראשון לציון רציף:  קומה: ,31.971982,34.774777,0,,31285
15593,31290,קרית הלאום/ישראל גלילי,רחוב: ישראל גלילי 7 עיר: ראשון לציון רציף:  קומה: ,31.969901,34.781039,0,,31290
15606,31322,לוי אשכול/ישראל גלילי,רחוב: לוי אשכול עיר: ראשון לציון רציף:  קומה: ,31.971672,34.774825,0,,31322
15616,31332,הרצל/אהרון קרון,רחוב: הרצל 99 עיר: ראשון לציון רציף:  קומה: ,31.959982,34.802607,0,,31332
15623,31339,ירושלים/החוחית,רחוב: ירושלים 96 עיר: ראשון לציון רציף:  קומה: ,31.962228,34.81939,0,,31339
15625,31342,דרך המכבים/פיק''א,רחוב: דרך המכבים 4 עיר: ראשון לציון רציף:  קומה: ,31.973994,34.807102,0,,31342
15631,31349,הרצל/קרן היסוד,רחוב: הרצל 4 עיר: ראשון לציון רציף:  קומה: ,31.971924,34.806218,0,,31349
15645,31380,חונים קונים/לישנסקי,רחוב: יוסף לישנסקי 9 עיר: ראשון לציון רציף:  קומה: ,31.989986,34.765425,0,,31380
15683,31441,לוי אשכול/חסידי אומות העולם,רחוב: לוי אשכול 5 עיר: ראשון לציון רציף:  קומה: ,31.977009,34.777995,0,,31441
15686,31444,קניון הזהב/משה לוי,רחוב: משה לוי 18 עיר: ראשון לציון רציף:  קומה: ,31.989144,34.774216,0,,31444
15687,31446,חונים קונים/לישנסקי,רחוב: יוסף לישנסקי 8 עיר: ראשון לציון רציף:  קומה: ,31.989502,34.765391,0,,31446
15709,31474,ההסתדרות/התקומה,רחוב: ההסתדרות 12 עיר: ראשון לציון רציף:  קומה: ,31.967876,34.78082,0,,31474
15715,31483,רוטשילד/התקווה,רחוב: רוטשילד 59 עיר: ראשון לציון רציף:  קומה: ,31.963927,34.799386,0,,31483
15723,31499,מכון וולקני/דרך המכבים,רחוב: 412 עיר: ראשון לציון רציף:  קומה: ,31.992317,34.8132,0,,31499
15794,31579,דרך המכבים/אלי כהן,רחוב: אלי כהן עיר: ראשון לציון רציף:  קומה: ,31.983173,34.809821,0,,31579
15795,31580,דרך המכבים/בי''ס חקלאי,רחוב: דרך המכבים 11 עיר: ראשון לציון רציף:  קומה: ,31.975438,34.807295,0,,31580
15797,31583,דוד סחרוב/החומה,רחוב: דוד סחרוב 11 עיר: ראשון לציון רציף:  קומה: ,31.991525,34.77033,0,,31583
15798,31584,דוד סחרוב/אליעזר מזל,רחוב: דוד סחרוב 16 עיר: ראשון לציון רציף:  קומה: ,31.990906,34.771288,0,,31584
15799,31585,דוד סחרוב/אליעזר מזל,רחוב: דוד סחרוב 19 עיר: ראשון לציון רציף:  קומה: ,31.990447,34.77267,0,,31585
15800,31586,דוד סחרוב/אלחנן,רחוב: דוד סחרוב 6 עיר: ראשון לציון רציף:  קומה: ,31.992354,34.767996,0,,31586
15816,31610,משה דיין/גדולי ישראל,רחוב: שדרות משה דיין 5 עיר: ראשון לציון רציף:  קומה: ,31.980484,34.775576,0,,31610
15817,31611,ג'י סיטי/משה דיין ,רחוב: שדרות משה דיין 9 עיר: ראשון לציון רציף:  קומה: ,31.983342,34.769206,0,,31611
15844,31657,מתחם שבעת הכוכבים,רחוב: יוסף לישנסקי 5 עיר: ראשון לציון רציף:  קומה: ,31.98807,34.764321,0,,31657
15858,31682,הרצל/אוסישקין,רחוב: הרצל עיר: ראשון לציון רציף:  קומה: ,31.968741,34.80397,0,,31682
15859,31683,משה לוי/נפתלי פלטין,רחוב: משה לוי 12 עיר: ראשון לציון רציף:  קומה: ,31.987503,34.773181,0,,31683
15860,31685,רוז'נסקי/משה לוי,רחוב: רוז'נסקי 11 עיר: ראשון לציון רציף:  קומה: ,31.986113,34.772754,0,,31685
15861,31686,רוטשילד/ז'בוטינסקי,רחוב: רוטשילד 58 עיר: ראשון לציון רציף:  קומה: ,31.963913,34.800385,0,,31686
15863,31688,רוטשילד/דב הוז,רחוב: רוטשילד 100 עיר: ראשון לציון רציף:  קומה: ,31.964526,34.793727,0,,31688
15865,31690,רוטשילד/בן גוריון,רחוב: רוטשילד 124 עיר: ראשון לציון רציף:  קומה: ,31.964894,34.790532,0,,31690
15866,31691,רוטשילד/שפרינצק,רחוב: רוטשילד 129 עיר: ראשון לציון רציף:  קומה: ,31.96475,34.790336,0,,31691
15869,31696,רוטשילד/השדה,רחוב: רוטשילד 101 עיר: ראשון לציון רציף:  קומה: ,31.964349,34.794441,0,,31696
15872,31724,מתחם שבעת הכוכבים,רחוב: יוסף לישנסקי עיר: ראשון לציון רציף:  קומה: ,31.987946,34.764501,0,,31724
15886,31751,ההסתדרות/גולדה מאיר,רחוב: ההסתדרות 8 עיר: ראשון לציון רציף:  קומה: ,31.966975,34.783226,0,,31751
15887,31753,הרצל/רוטשילד,רחוב: הרצל 68 עיר: ראשון לציון רציף:  קומה: ,31.964839,34.802785,0,,31753
15903,31826,דוד סחרוב/משה לוי,רחוב: דוד סחרוב 26 עיר: ראשון לציון רציף:  קומה: ,31.989695,34.773893,0,,31826
16034,32060,ישראל גלילי/התקומה,רחוב: ישראל גלילי 16 עיר: ראשון לציון רציף:  קומה: ,31.970255,34.780624,0,,32060
16036,32062,לוי אשכול/הדגן,רחוב: לוי אשכול 15 עיר: ראשון לציון רציף:  קומה: ,31.975475,34.777099,0,,32062
16186,32250,ת. רכבת ראשונים,רחוב: הרצל עיר: ראשון לציון רציף:  קומה: ,31.948274,34.801453,0,,32250
16200,32264,צומת בית דגן/כביש 44,רחוב: יציאה לכביש 412 עיר: ראשון לציון רציף:  קומה: ,32.00267,34.819925,0,,32264
16309,32382,כביש 4311/המדע,רחוב: 4311 עיר: ראשון לציון רציף:  קומה: ,31.95142,34.776575,0,,32382
16689,32779,קניון אם מושבות,רחוב: ראשון לציון עיר: פתח תקווה רציף:  קומה: ,32.098998,34.876335,0,,32779
16699,32789,הבנים/האפרסמון,רחוב: הבנים 10 עיר: ראשון לציון רציף:  קומה: ,31.975379,34.804064,0,,32789
16701,32794,קופת חולים/המושבה,רחוב: המושבה 6 עיר: ראשון לציון רציף:  קומה: ,31.97767,34.803857,0,,32794
16702,32795,המושבה/העצמאות,רחוב: המושבה 24 עיר: ראשון לציון רציף:  קומה: ,31.978396,34.801306,0,,32795
16705,32798,הרב צאלח/קיבוץ גלויות,רחוב: הרב צאלח 1 עיר: ראשון לציון רציף:  קומה: ,31.984964,34.804035,0,,32798
16707,32802,העצמאות/כל ישראל חברים,רחוב: העצמאות עיר: ראשון לציון רציף:  קומה: ,31.980389,34.801244,0,,32802
16751,32869,זלמן שניאור/שלמה נתן,רחוב: שדרות זלמן שניאור 8 עיר: ראשון לציון רציף:  קומה: ,31.98299,34.786518,0,,32869
16752,32870,זלמן שניאור/פוזננסקי,רחוב: שדרות זלמן שניאור 7 עיר: ראשון לציון רציף:  קומה: ,31.98344,34.786461,0,,32870
16754,32872,מרכז רמת אליהו/זלמן שניאור,רחוב: שדרות זלמן שניאור עיר: ראשון לציון רציף:  קומה: ,31.985606,34.787214,0,,32872
16759,32877,נחמיה/עובדיה,רחוב: נחמיה 92 עיר: ראשון לציון רציף:  קומה: ,31.94854,34.822109,0,,32877
16760,32878,נחמיה/שדרות יעקב,רחוב: נחמיה עיר: ראשון לציון רציף:  קומה: ,31.949352,34.818734,0,,32878
16761,32879,נחמיה/גדעון,רחוב: נחמיה 52 עיר: ראשון לציון רציף:  קומה: ,31.950088,34.815667,0,,32879
16768,32886,מורדי הגטאות/האתרוג,רחוב: מורדי הגטאות 97 עיר: ראשון לציון רציף:  קומה: ,31.953071,34.828083,0,,32886
16770,32888,יחזקאל הנביא/צפניה הנביא,רחוב: יחזקאל הנביא 1 עיר: ראשון לציון רציף:  קומה: ,31.952304,34.814658,0,,32888
16774,32892,נחמיה/יחזקאל הנביא,רחוב: נחמיה 4 עיר: ראשון לציון רציף:  קומה: ,31.953668,34.815715,0,,32892
16776,32894,מורדי הגטאות/האורן,רחוב: מורדי הגטאות 71 עיר: ראשון לציון רציף:  קומה: ,31.953981,34.824665,0,,32894
16796,32919,מגדלי העיר/שדרות יעקב,רחוב: שדרות יעקב עיר: ראשון לציון רציף:  קומה: ,31.954428,34.82152,0,,32919
16797,32920,שדרות יעקב/הרקפת,רחוב: שדרות יעקב 41 עיר: ראשון לציון רציף:  קומה: ,31.955249,34.82227,0,,32920
16798,32921,שדרות יעקב/החצב,רחוב: שדרות יעקב 23 עיר: ראשון לציון רציף:  קומה: ,31.957731,34.823224,0,,32921
16799,32922,שדרות יעקב/הכלנית,רחוב: שדרות יעקב 28 עיר: ראשון לציון רציף:  קומה: ,31.95711,34.822792,0,,32922
16800,32923,ירושלים/נוה זאב,רחוב: ירושלים 95 עיר: ראשון לציון רציף:  קומה: ,31.960943,34.823643,0,,32923
16801,32924,ירושלים/שדרות יעקב,רחוב: ירושלים עיר: ראשון לציון רציף:  קומה: ,31.960925,34.823186,0,,32924
16802,32925,רמז/הגליל,רחוב: רמז 22 עיר: ראשון לציון רציף:  קומה: ,31.962195,34.792339,0,,32925
16803,32926,רמז/עולי הגרדום,רחוב: רמז 15 עיר: ראשון לציון רציף:  קומה: ,31.962872,34.792664,0,,32926
16805,32928,יהודה הלוי/הגדוד העברי,רחוב: יהודה הלוי 39 עיר: ראשון לציון רציף:  קומה: ,31.967118,34.811204,0,,32928
16807,32930,פינסקר/חבד,רחוב: יהודה לייב פינסקר 32 עיר: ראשון לציון רציף:  קומה: ,31.968109,34.807347,0,,32930
16809,32932,כצנלסון/פרופ' נחום,רחוב: כצנלסון 19 עיר: ראשון לציון רציף:  קומה: ,31.967113,34.798252,0,,32932
16811,32934,אנילביץ'/שלום אש,רחוב: אנילביץ' 6 עיר: ראשון לציון רציף:  קומה: ,31.981558,34.789417,0,,32934
16813,32936,אנילביץ/הרב משה איבגי,רחוב: אנילביץ' 20 עיר: ראשון לציון רציף:  קומה: ,31.984415,34.790012,0,,32936
16814,32937,חנה סנש/זלמן שניאור,רחוב: חנה סנש 8 עיר: ראשון לציון רציף:  קומה: ,31.987687,34.787934,0,,32937
16815,32938,שאול המלך/מלכי ישראל,רחוב: שאול המלך 4 עיר: ראשון לציון רציף:  קומה: ,31.978708,34.789148,0,,32938
16816,32939,נחמיה/מלאכי,רחוב: נחמיה 110 עיר: ראשון לציון רציף:  קומה: ,31.947826,34.824966,0,,32939
16821,32944,נחמיה/מרבד הקסמים,רחוב: נחמיה 122 עיר: ראשון לציון רציף:  קומה: ,31.948593,34.826656,0,,32944
16823,32946,המייסדים/הברושים,רחוב: המייסדים 4 עיר: ראשון לציון רציף:  קומה: ,31.973658,34.80629,0,,32946
16824,32947,דרך המכבים/שדרות הציונות,רחוב: דרך המכבים עיר: ראשון לציון רציף:  קומה: ,31.981526,34.809642,0,,32947
21318,33115,מסעף משמר השבעה,רחוב: דרך השבעה 9 עיר: ראשון לציון רציף:  קומה: ,32.006425,34.81701,0,,33115
21319,33116,טריגוסין/דרום,רחוב: 44 עיר: ראשון לציון רציף:  קומה: ,31.987429,34.830751,0,,33116
21320,33117,צומת חב''ד,רחוב: 44 עיר: ראשון לציון רציף:  קומה: ,31.978425,34.836919,0,,33117
21321,33118,כביש 44/דרך חיים הרצוג,רחוב: 44 עיר: ראשון לציון רציף:  קומה: ,31.973523,34.840538,0,,33118
21327,33125,בן גוריון/ההסתדרות,רחוב: שדרות בן גוריון עיר: ראשון לציון רציף:  קומה: ,31.965969,34.78958,0,,33125
21328,33126,שד. בגין/פולה בן גוריון,רחוב: שדרות בגין עיר: ראשון לציון רציף:  קומה: ,31.972185,34.792254,0,,33126
21329,33127,שד. בגין/השחר,רחוב: שדרות בגין עיר: ראשון לציון רציף:  קומה: ,31.971283,34.796517,0,,33127
21330,33128,ז'בוטינסקי/שדרות בגין,רחוב: ז'בוטינסקי 91 עיר: ראשון לציון רציף:  קומה: ,31.970668,34.798466,0,,33128
21331,33129,זבוטינסקי/קרית ספר,רחוב: ז'בוטינסקי 61 עיר: ראשון לציון רציף:  קומה: ,31.966558,34.799459,0,,33129
21473,33285,טריגוסין/כביש 44,רחוב: 44 עיר: ראשון לציון רציף:  קומה: ,31.988533,34.830286,0,,33285
21474,33286,מסעף משמר השבעה,רחוב: 44 עיר: ראשון לציון רציף:  קומה: ,32.00582,34.817845,0,,33286
21507,33326,הרצל/סוקולוב,רחוב: הרצל 115 עיר: ראשון לציון רציף:  קומה: ,31.957388,34.802287,0,,33326
21509,33331,שדרות בגין/יוהנה ז'בוטינסקי,רחוב: שדרות בגין עיר: ראשון לציון רציף:  קומה: ,31.971789,34.793755,0,,33331
21510,33332,שד. בן גוריון/המעיין,רחוב: שדרות בן גוריון 39 עיר: ראשון לציון רציף:  קומה: ,31.969877,34.790197,0,,33332
21511,33333,שדרות בן גוריון/ שדרות בגין,רחוב: שדרות בן גוריון עיר: ראשון לציון רציף:  קומה: ,31.972018,34.791145,0,,33333
21512,33334,בן גוריון/כצנלסון,רחוב: שדרות בן גוריון 6 עיר: ראשון לציון רציף:  קומה: ,31.966323,34.789799,0,,33334
21590,33433,שדרות בגין/ז'בוטינסקי,רחוב: שדרות בגין 4 עיר: ראשון לציון רציף:  קומה: ,31.971391,34.797557,0,,33433
21594,33439,צומת חב''ד,רחוב: 44 עיר: ראשון לציון רציף:  קומה: ,31.979433,34.83654,0,,33439
21595,33440,צומת בית דגן,רחוב: דרך השבעה עיר: ראשון לציון רציף:  קומה: ,32.002455,34.820515,0,,33440
21637,33489,קניון אסף/44,רחוב:   עיר: ראשון לציון רציף:  קומה: ,31.968812,34.842185,0,,33489
21639,33491,צריפין/בסיס אספקה,רחוב:   עיר: ראשון לציון רציף:  קומה: ,31.959154,34.836271,0,,33491
21644,33496,מחנה צריפין/בהד 11,רחוב:   עיר: ראשון לציון רציף:  קומה: ,31.959136,34.833376,0,,33496
21650,33502,מחנה צריפין,רחוב:   עיר: ראשון לציון רציף:  קומה: ,31.960555,34.835492,0,,33502
21651,33503,מחנה צריפין/משטרה צבאית,רחוב: ירושלים 134 עיר: ראשון לציון רציף:  קומה: ,31.959577,34.831812,0,,33503
21652,33504,ירושלים/שלמה לוי,רחוב: ירושלים 115 עיר: ראשון לציון רציף:  קומה: ,31.960016,34.827773,0,,33504
21655,33508,בסיס מזון,רחוב:   עיר: ראשון לציון רציף:  קומה: ,31.95968,34.840204,0,,33508
21656,33509,צריפין/בסיס מזון,רחוב:   עיר: ראשון לציון רציף:  קומה: ,31.961506,34.838388,0,,33509
21657,33510,מחנה מצל''ח 6800,רחוב:   עיר: ראשון לציון רציף:  קומה: ,31.963589,34.836279,0,,33510
21658,33512,ת. מרכזית ראשל''צ/רציפים,רחוב:   עיר: ראשון לציון רציף:  קומה: ,31.96779,34.785633,1,,33512
21659,33513,ת. מרכזית רשל''צ/הורדה,רחוב:   עיר: ראשון לציון רציף:  קומה: ,31.968352,34.78533,0,,33513
21676,33584,יגאל אלון/ראם,רחוב: יגאל אלון עיר: ראשון לציון רציף:  קומה: ,31.954575,34.815187,0,,33584
21678,33587,ירושלים/שרה ואליהו,רחוב: ירושלים 21 עיר: ראשון לציון רציף:  קומה: ,31.962236,34.810559,0,,33587
21679,33588,אחד העם/הרב שלום סיבהי,רחוב: אחד העם 17 עיר: ראשון לציון רציף:  קומה: ,31.962714,34.807644,0,,33588
21680,33589,פינסקר/הרב קוק,רחוב: יהודה לייב פינסקר 10 עיר: ראשון לציון רציף:  קומה: ,31.96551,34.807471,0,,33589
21681,33590,פינסקר/רוטשילד,רחוב: יהודה לייב פינסקר 7 עיר: ראשון לציון רציף:  קומה: ,31.965576,34.807358,0,,33590
21682,33591,אחד העם/איתמר בן אב''י,רחוב: אחד העם 6 עיר: ראשון לציון רציף:  קומה: ,31.963775,34.807541,0,,33591
21683,33592,ירושלים/ביל''ו,רחוב: ירושלים 14 עיר: ראשון לציון רציף:  קומה: ,31.961937,34.809041,0,,33592
21685,33594,ירושלים/דוד הראובני,רחוב: ירושלים 44 עיר: ראשון לציון רציף:  קומה: ,31.962321,34.813138,0,,33594
21686,33595,ירושלים/השומר,רחוב: ירושלים 70 עיר: ראשון לציון רציף:  קומה: ,31.962561,34.816165,0,,33595
21688,33597,יגאל אלון/מישור הנוף,רחוב: יגאל אלון 52 עיר: ראשון לציון רציף:  קומה: ,31.950888,34.811951,0,,33597
21799,33737,צומת בית דגן,רחוב: 44 15 עיר: ראשון לציון רציף:  קומה: ,32.000365,34.821606,0,,33737
21864,33815,אלי כהן/המוכתר,רחוב: אלי כהן 14 עיר: ראשון לציון רציף:  קומה: ,31.985812,34.807047,0,,33815
21887,33838,אנילביץ/החלוץ,רחוב: אנילביץ' 41 עיר: ראשון לציון רציף:  קומה: ,31.985965,34.789627,0,,33838
21921,33872,שדרות היובל/האורנים,רחוב: שדרות היובל עיר: ראשון לציון רציף:  קומה: ,31.976743,34.79642,0,,33872
22116,34081,משרד החקלאות/דרך המכבים,רחוב: 412 עיר: ראשון לציון רציף:  קומה: ,31.996519,34.817626,0,,34081
22307,34278,גיבורי ישראל/השניים,רחוב: גיבורי ישראל 6 עיר: ראשון לציון רציף:  קומה: ,31.985634,34.808744,0,,34278
22309,34280,מכון וולקני/דרך המכבים,רחוב: 412 עיר: ראשון לציון רציף:  קומה: ,31.99368,34.814509,0,,34280
22338,34309,ירושלים/הגדוד העברי,רחוב: ירושלים 34 עיר: ראשון לציון רציף:  קומה: ,31.962129,34.811172,0,,34309
22339,34310,ירושלים/דוד הראובני,רחוב: ירושלים עיר: ראשון לציון רציף:  קומה: ,31.962595,34.814639,0,,34310
22340,34311,רוטשילד/וייצברד,רחוב: רוטשילד 4 עיר: ראשון לציון רציף:  קומה: ,31.96437,34.806394,0,,34311
22342,34313,רמז/הר ציון,רחוב: רמז 38 עיר: ראשון לציון רציף:  קומה: ,31.960073,34.791681,0,,34313
22343,34314,כצנלסון/קפלן אליעזר,רחוב: כצנלסון 43 עיר: ראשון לציון רציף:  קומה: ,31.967458,34.79487,0,,34314
22345,34316,יהודה הלוי/קידוש השם,רחוב: יהודה הלוי 51 עיר: ראשון לציון רציף:  קומה: ,31.967324,34.813064,0,,34316
22346,34317,גבעתי/יהודה הלוי,רחוב: גבעתי עיר: ראשון לציון רציף:  קומה: ,31.968628,34.816534,0,,34317
22347,34318,מרגולין/ברנדייס,רחוב: מרגולין 15 עיר: ראשון לציון רציף:  קומה: ,31.969303,34.80832,0,,34318
22354,34325,הרב צאלח/האגס,רחוב: הרב צאלח 4 עיר: ראשון לציון רציף:  קומה: ,31.986001,34.805007,0,,34325
22356,34327,שדרות רחבעם זאבי/יוסף ספיר,רחוב: שדרות רחבעם זאבי 6 עיר: ראשון לציון רציף:  קומה: ,31.991111,34.749186,0,,34327
22357,34328,בית ספר לכבאות/רחבעם זאבי,רחוב: שדרות רחבעם זאבי 10 עיר: ראשון לציון רציף:  קומה: ,31.992489,34.746673,0,,34328
22359,34330,חנה סנש/מרדכי אנילביץ,רחוב: חנה סנש 9 עיר: ראשון לציון רציף:  קומה: ,31.987599,34.78818,0,,34330
22360,34331,הרב יוסף עזרן/דוד המלך,רחוב: הרב יוסף עזרן 4 עיר: ראשון לציון רציף:  קומה: ,31.979253,34.785012,0,,34331
22361,34332,שאול המלך/מלכי ישראל,רחוב: שאול המלך עיר: ראשון לציון רציף:  קומה: ,31.979179,34.789088,0,,34332
22372,34343,יוסף ספיר/שמעון ישראלי,רחוב: יוסף ספיר 4 עיר: ראשון לציון רציף:  קומה: ,31.99145,34.750377,0,,34343
22373,34344,יוסף ספיר/השר חיים שפירא,רחוב: יוסף ספיר 8 עיר: ראשון לציון רציף:  קומה: ,31.993298,34.751645,0,,34344
22374,34345,משה שרת/גלוסקא,רחוב: משה שרת 11 עיר: ראשון לציון רציף:  קומה: ,31.994291,34.753068,0,,34345
22376,34347,כצנלסון/לילינבלום,רחוב: כצנלסון 10 עיר: ראשון לציון רציף:  קומה: ,31.967249,34.797815,0,,34347
22377,34348,כצנלסון/קפלן אליעזר,רחוב: כצנלסון 24 עיר: ראשון לציון רציף:  קומה: ,31.967515,34.795229,0,,34348
22380,34351,שער ראשון/ירושלים,רחוב: ירושלים 116 עיר: ראשון לציון רציף:  קומה: ,31.959704,34.82841,0,,34351
22418,34389,מרכז קדמת ראשון/פופל,רחוב: מרדכי פופל 14 עיר: ראשון לציון רציף:  קומה: ,31.969951,34.815448,0,,34389
22444,34416,כורש/זלמן שזר,רחוב: כורש 6 עיר: ראשון לציון רציף:  קומה: ,31.995133,34.742842,0,,34416
22450,34422,גן דודזון/סגל,רחוב: מרדכי יואל סגל 5 עיר: ראשון לציון רציף:  קומה: ,31.971653,34.814073,0,,34422
22458,34430,בן גוריון/מנחם בגין,רחוב: שדרות בן גוריון 44 עיר: ראשון לציון רציף:  קומה: ,31.970975,34.790924,0,,34430
22462,34434,גבעתי/האחים סולימאן,רחוב: גבעתי 22 עיר: ראשון לציון רציף:  קומה: ,31.964122,34.817071,0,,34434
22463,34435,עזרא/שדרות יעקב,רחוב: עזרא 25 עיר: ראשון לציון רציף:  קומה: ,31.952632,34.820059,0,,34435
22470,34443,קופת חולים/פינסקר,רחוב: יהודה לייב פינסקר 29 עיר: ראשון לציון רציף:  קומה: ,31.968047,34.807239,0,,34443
22472,34445,אריה בן אליעזר/הורוביץ,רחוב: אריה בן אליעזר 17 עיר: ראשון לציון רציף:  קומה: ,31.959837,34.795095,0,,34445
22493,34466,גולדה מאיר/החרצית,רחוב: גולדה מאיר 22 עיר: ראשון לציון רציף:  קומה: ,31.972742,34.786935,0,,34466
22494,34467,גולדה מאיר/הסחלב,רחוב: גולדה מאיר 28 עיר: ראשון לציון רציף:  קומה: ,31.970922,34.786011,0,,34467
22507,34481,הקישון/רמז,רחוב: הקישון 7 עיר: ראשון לציון רציף:  קומה: ,31.960505,34.792916,0,,34481
22589,34564,הקישון/רמז,רחוב: הקישון 6 עיר: ראשון לציון רציף:  קומה: ,31.96046,34.79251,0,,34564
22591,34566,אריה בן אליעזר/נחל שורק,רחוב: אריה בן אליעזר 20 עיר: ראשון לציון רציף:  קומה: ,31.959834,34.794987,0,,34566
22592,34567,יואל דרובין/שלמה קפלנסקי,רחוב: יואל דרובין 27 עיר: ראשון לציון רציף:  קומה: ,31.957363,34.799376,0,,34567
22604,34579,גרינשפן/ברנשטיין,רחוב: גרינשפן 5 עיר: ראשון לציון רציף:  קומה: ,31.957041,34.814821,0,,34579
22613,34589,מורדי הגטאות/זאב,רחוב: מורדי הגטאות 36 עיר: ראשון לציון רציף:  קומה: ,31.955375,34.819032,0,,34589
22614,34590,הרקפת/פטריה,רחוב: הרקפת 105 עיר: ראשון לציון רציף:  קומה: ,31.950624,34.830783,0,,34590
22661,34637,רוטשילד/הרב זינגר,רחוב: רוטשילד 7 עיר: ראשון לציון רציף:  קומה: ,31.964163,34.805928,0,,34637
22672,34648,גולדה מאיר/ישראל גלילי,רחוב: גולדה מאיר עיר: ראשון לציון רציף:  קומה: ,31.969147,34.78534,0,,34648
22673,34649,חי כיף/גולדה מאיר,רחוב: גולדה מאיר 11 עיר: ראשון לציון רציף:  קומה: ,31.97344,34.787568,0,,34649
22674,34650,יהודה הלוי/הגדוד העברי,רחוב: יהודה הלוי 34 עיר: ראשון לציון רציף:  קומה: ,31.966986,34.810883,0,,34650
22709,34686,זלמן שז''ר/חיל הרגלים,רחוב: זלמן שז''ר 19 עיר: ראשון לציון רציף:  קומה: ,31.995934,34.741906,0,,34686
22723,34700,הכרמל/הרצל,רחוב: הכרמל 29 עיר: ראשון לציון רציף:  קומה: ,31.96179,34.803548,0,,34700
22738,34715,השומר/מזי''א,רחוב: השומר 33 עיר: ראשון לציון רציף:  קומה: ,31.959361,34.814599,0,,34715
22789,34767,ויניק/גן זמסקי,רחוב: מאיר ויניק עיר: ראשון לציון רציף:  קומה: ,31.957249,34.796807,0,,34767
22790,34768,מרכז ספורט/שדרות בן גוריון,רחוב: שדרות בן גוריון עיר: ראשון לציון רציף:  קומה: ,31.973869,34.792138,0,,34768
22803,34781,גולדה מאיר/ישראל גלילי,רחוב: גולדה מאיר עיר: ראשון לציון רציף:  קומה: ,31.968169,34.78457,0,,34781
22804,34782,ישראל גלילי/הסחלב,רחוב: ישראל גלילי 2 עיר: ראשון לציון רציף:  קומה: ,31.96913,34.784014,0,,34782
22805,34783,ירושלים/בלפור,רחוב: ירושלים 31 עיר: ראשון לציון רציף:  קומה: ,31.962413,34.812357,0,,34783
22806,34784,מעפילי מרוקו/הנביאים,רחוב: מעפילי מרוקו 4 עיר: ראשון לציון רציף:  קומה: ,31.951739,34.830902,0,,34784
22820,34798,חיל התותחנים/חיל השריון,רחוב: חיל התותחנים עיר: ראשון לציון רציף:  קומה: ,31.998516,34.739034,0,,34798
22822,34800,שדרות רחבעם זאבי/יוסף ספיר,רחוב: שדרות רחבעם זאבי 3 עיר: ראשון לציון רציף:  קומה: ,31.990268,34.750133,0,,34800
22825,34803,ישראל גלילי/זבולון המר,רחוב: ישראל גלילי 1 עיר: ראשון לציון רציף:  קומה: ,31.96898,34.783805,0,,34803
22826,34804,העצמאות/מוליק איל,רחוב: העצמאות עיר: ראשון לציון רציף:  קומה: ,31.980258,34.801295,0,,34804
22835,34813,גבעתי/שלמה אלירז,רחוב: גבעתי 15 עיר: ראשון לציון רציף:  קומה: ,31.966235,34.81705,0,,34813
22839,34817,נחמיה/הרקפת,רחוב: נחמיה 138 עיר: ראשון לציון רציף:  קומה: ,31.950299,34.827553,0,,34817
22842,34820,האלמוגים/השייטים,רחוב: האלמוגים 24 עיר: ראשון לציון רציף:  קומה: ,31.988249,34.779597,0,,34820
22843,34821,האלמוגים/הרשת,רחוב: האלמוגים 5 עיר: ראשון לציון רציף:  קומה: ,31.987633,34.779064,0,,34821
22844,34822,הנחשול/הלווייתן,רחוב: הנחשול 8 עיר: ראשון לציון רציף:  קומה: ,31.988815,34.78111,0,,34822
22845,34823,הנחשול/הדייגים,רחוב: הנחשול 28 עיר: ראשון לציון רציף:  קומה: ,31.986236,34.783798,0,,34823
22846,34824,הנחשול/אבא הלל סילבר,רחוב: הנחשול 45 עיר: ראשון לציון רציף:  קומה: ,31.986176,34.783882,0,,34824
22847,34825,הנחשול/הצדף,רחוב: הנחשול 11 עיר: ראשון לציון רציף:  קומה: ,31.988601,34.781765,0,,34825
22848,34826,מרכז ספורט רמת אליהו,רחוב: אבא הלל סילבר 3 עיר: ראשון לציון רציף:  קומה: ,31.984263,34.786108,0,,34826
22849,34827,מרכז ספורט רמת אליהו,רחוב: אבא הלל סילבר 10 עיר: ראשון לציון רציף:  קומה: ,31.984689,34.78511,0,,34827
22895,34873,ההסתדרות/חומה ומגדל,רחוב: ההסתדרות עיר: ראשון לציון רציף:  קומה: ,31.968202,34.779264,0,,34873
22927,34905,אצל/נדב בסקינד,רחוב: אצ''ל 4 עיר: ראשון לציון רציף:  קומה: ,31.988318,34.76777,0,,34905
22928,34906,מרכז מסחרי/אצ''ל,רחוב: אצ''ל 11 עיר: ראשון לציון רציף:  קומה: ,31.988689,34.766502,0,,34906
22929,34907,מורדי הגטאות/האורן,רחוב: מורדי הגטאות 58 עיר: ראשון לציון רציף:  קומה: ,31.953829,34.824892,0,,34907
22930,34908,מורדי הגטאות/השזיף,רחוב: מורדי הגטאות 78 עיר: ראשון לציון רציף:  קומה: ,31.953029,34.827898,0,,34908
22931,34909,הרקפת/האמוראים,רחוב: הרקפת 118 עיר: ראשון לציון רציף:  קומה: ,31.950472,34.830321,0,,34909
22932,34910,נחמיה/יחזקאל הנביא,רחוב: נחמיה 31 עיר: ראשון לציון רציף:  קומה: ,31.95027,34.815295,0,,34910
22933,34911,יחזקאל הנביא/נחמיה,רחוב: יחזקאל הנביא 3 עיר: ראשון לציון רציף:  קומה: ,31.952266,34.814823,0,,34911
22934,34912,יגאל אלון/רבי יהודה הנשיא,רחוב: יגאל אלון עיר: ראשון לציון רציף:  קומה: ,31.949342,34.811217,0,,34912
22943,34921,נחמיה/אלפסי,רחוב: נחמיה 59 עיר: ראשון לציון רציף:  קומה: ,31.949131,34.820019,0,,34921
22964,34942,דרך המכבים/פריימן,רחוב: דרך המכבים עיר: ראשון לציון רציף:  קומה: ,31.977527,34.808252,0,,34942
22974,34952,אצל/לישנסקי,רחוב: אצ''ל 16 עיר: ראשון לציון רציף:  קומה: ,31.989525,34.7645,0,,34952
22975,34953,אצל/עליית הנוער,רחוב: אצ''ל 26 עיר: ראשון לציון רציף:  קומה: ,31.990615,34.761541,0,,34953
22979,34958,מעפילי מרוקו/הנביאים,רחוב: מעפילי מרוקו 5 עיר: ראשון לציון רציף:  קומה: ,31.951681,34.830692,0,,34958
22981,34960,שמוטקין/פריימן,רחוב: בנימין שמוטקין 13 עיר: ראשון לציון רציף:  קומה: ,31.975452,34.810973,0,,34960
22983,34962,צבי פרנק/הגדוד העברי,רחוב: צבי פרנק 30 עיר: ראשון לציון רציף:  קומה: ,31.970995,34.810534,0,,34962
22984,34963,יואל דרובין/האחים סמילצ'נסקי,רחוב: יואל דרובין 4 עיר: ראשון לציון רציף:  קומה: ,31.960601,34.799809,0,,34963
22985,34964,יואל דרובין/צבי הירשפלד,רחוב: יואל דרובין 18 עיר: ראשון לציון רציף:  קומה: ,31.958766,34.799498,0,,34964
22987,34966,גלי הדר/קאונטרי,רחוב:   עיר: ראשון לציון רציף:  קומה: ,31.949244,34.787507,0,,34966
22989,34968,בלבן/פיקא,רחוב: אליעזר בלבן 2 עיר: ראשון לציון רציף:  קומה: ,31.971596,34.810355,0,,34968
22990,34969,שמוטקין/ברשבסקי,רחוב: בנימין שמוטקין 8 עיר: ראשון לציון רציף:  קומה: ,31.973417,34.810803,0,,34969
22992,34971,יהושע גיבשטיין/חיים בן אפרים,רחוב: יהושע גיבשטיין/חיים בן אפרים 19 עיר: ראשון לציון רציף:  קומה: ,31.95345,34.811771,0,,34971
22993,34972,יהושע גיבשטיין/יונה צבי פיינשטיין,רחוב: יהושע גיבשטיין 5 עיר: ראשון לציון רציף:  קומה: ,31.954357,34.812691,0,,34972
23001,34980,קפלנסקי/שדרות זמסקי,רחוב: שלמה קפלנסקי 29 עיר: ראשון לציון רציף:  קומה: ,31.957983,34.796933,0,,34980
23003,34982,אנילביץ'/החלוץ,רחוב: אנילביץ' 28 עיר: ראשון לציון רציף:  קומה: ,31.986419,34.789584,0,,34982
23019,34998,כצנלסון/י ל פרץ,רחוב: כצנלסון 71 עיר: ראשון לציון רציף:  קומה: ,31.967793,34.791262,0,,34998
23086,35066,יואל דרובין/האחים סמילצנסקי,רחוב: יואל דרובין 9 עיר: ראשון לציון רציף:  קומה: ,31.959954,34.799813,0,,35066
23087,35067,עולי הגרדום/החייל האלמוני,רחוב: עולי הגרדום 5 עיר: ראשון לציון רציף:  קומה: ,31.960943,34.801422,0,,35067
23148,35140,מוטה גור/אלי ויזל,רחוב: מוטה גור 5 עיר: ראשון לציון רציף:  קומה: ,31.968371,34.772481,0,,35140
23213,35224,צומת עין הקורא,רחוב: 42 עיר: ראשון לציון רציף:  קומה: ,31.955524,34.784774,0,,35224
23224,35297,כתריאל רפפורט/חנה ומיכאל לוין,רחוב: כתריאל רפפורט 3 עיר: ראשון לציון רציף:  קומה: ,31.967165,34.823857,0,,35297
23225,35298,חנה ומיכאל לוין/ירושלים,רחוב: חנה ומיכאל לוין עיר: ראשון לציון רציף:  קומה: ,31.962108,34.821655,0,,35298
23226,35299,הדייגים/הסירה,רחוב: הדייגים 18 עיר: ראשון לציון רציף:  קומה: ,31.986288,34.779696,0,,35299
23227,35300,הדייגים/האלתית,רחוב: הדייגים 31 עיר: ראשון לציון רציף:  קומה: ,31.986166,34.780156,0,,35300
23234,35309,יהודה הלוי/יוחנן הסנדלר,רחוב: יהודה הלוי 64 עיר: ראשון לציון רציף:  קומה: ,31.967381,34.81429,0,,35309
23242,35318,גולדה מאיר/הסיתוונית,רחוב: גולדה מאיר 1 עיר: ראשון לציון רציף:  קומה: ,31.976005,34.784778,0,,35318
23247,35323,גולדה מאיר/חי כיף,רחוב: גולדה מאיר 10 עיר: ראשון לציון רציף:  קומה: ,31.975546,34.785606,0,,35323
23297,35376,רוטשילד/גורדון,רחוב: רוטשילד 80 עיר: ראשון לציון רציף:  קומה: ,31.96426,34.79615,0,,35376
23319,35400,ראשון לציון/רחובות,רחוב: ראשון לציון עיר: פתח תקווה רציף:  קומה: ,32.103648,34.876607,0,,35400
23402,35519,מרכז ראשונים/הנחשול,רחוב: הנחשול 81 עיר: ראשון לציון רציף:  קומה: ,31.983241,34.782299,0,,35519
23410,35528,הנחשול/שדרות משה דיין,רחוב: הנחשול עיר: ראשון לציון רציף:  קומה: ,31.98024,34.779925,0,,35528
23415,35534,משה דיין/לוי אשכול,רחוב: שדרות משה דיין 3 עיר: ראשון לציון רציף:  קומה: ,31.979243,34.780344,0,,35534
23477,35606,היקב/היוגבים,רחוב: היקב 6 עיר: ראשון לציון רציף:  קומה: ,31.972406,34.778378,0,,35606
23479,35608,היקב/הזמורה,רחוב: היקב 9 עיר: ראשון לציון רציף:  קומה: ,31.972758,34.778467,0,,35608
23551,35698,משה דיין/יצחק בן צבי,רחוב: שדרות משה דיין 6 עיר: ראשון לציון רציף:  קומה: ,31.977782,34.79022,0,,35698
23552,35699,המצלתיים/התזמורת,רחוב: המצלתיים 4 עיר: ראשון לציון רציף:  קומה: ,31.964691,34.77486,0,,35699
23553,35700,המצלתיים/חומה ומגדל,רחוב: המצלתיים 1 עיר: ראשון לציון רציף:  קומה: ,31.964455,34.774902,0,,35700
23554,35701,התזמורת/האורגן,רחוב: התזמורת 27 עיר: ראשון לציון רציף:  קומה: ,31.966536,34.775557,0,,35701
23555,35702,התזמורת/המפוחית,רחוב: התזמורת 34 עיר: ראשון לציון רציף:  קומה: ,31.965785,34.775006,0,,35702
23557,35704,התזמורת/החצוצרה,רחוב: התזמורת 6 עיר: ראשון לציון רציף:  קומה: ,31.966308,34.772998,0,,35704
23558,35705,החצוצרה/מוטה גור,רחוב: החצוצרה עיר: ראשון לציון רציף:  קומה: ,31.965633,34.772201,0,,35705
23559,35706,החצוצרה/התזמורת,רחוב: החצוצרה 4 עיר: ראשון לציון רציף:  קומה: ,31.965604,34.771808,0,,35706
23561,35708,תור הזהב/הרשבא,רחוב: תור הזהב 16 עיר: ראשון לציון רציף:  קומה: ,31.977624,34.774455,0,,35708
23564,35711,תור הזהב/בן סרוק,רחוב: תור הזהב 11 עיר: ראשון לציון רציף:  קומה: ,31.977096,34.774504,0,,35711
23565,35712,גדולי ישראל/חיים בר לב,רחוב: גדולי ישראל 19 עיר: ראשון לציון רציף:  קומה: ,31.979163,34.765784,0,,35712
23575,35722,מרכז כרמים/הסוכה,רחוב: הסוכה 14 עיר: ראשון לציון רציף:  קומה: ,31.974331,34.778867,0,,35722
23576,35723,נאות סיני/יצחק רבין,רחוב: נאות סיני 4 עיר: ראשון לציון רציף:  קומה: ,31.978647,34.760844,0,,35723
23596,35744,ת. מרכזית ראשל''צ,רחוב: גולדה מאיר 23 עיר: ראשון לציון רציף:  קומה: ,31.967621,34.784636,0,,35744
23604,35752,בי''ס מישור הנוף/יהושע גיבשטיין,רחוב: יהושע גיבשטיין 46 עיר: ראשון לציון רציף:  קומה: ,31.951465,34.810211,0,,35752
23633,35783,יהושע גיבשטיין/אריה ברגר,רחוב: יהושע גיבשטיין 43 עיר: ראשון לציון רציף:  קומה: ,31.950189,34.809429,0,,35783
23653,35803,מוטה גור/מוריי גלמן,רחוב: מוטה גור עיר: ראשון לציון רציף:  קומה: ,31.967612,34.771625,0,,35803
23654,35804,אצ''ל/אלטלנה,רחוב: אצ''ל 49 עיר: ראשון לציון רציף:  קומה: ,31.990789,34.760756,0,,35804
23655,35805,אצ''ל/יוסף לישנסקי,רחוב: אצ''ל 29 עיר: ראשון לציון רציף:  קומה: ,31.989834,34.763394,0,,35805
23658,35808,חיים בר לב/גדולי ישראל,רחוב: חיים ברלב 1 עיר: ראשון לציון רציף:  קומה: ,31.979903,34.765788,0,,35808
23665,35815,יצחק רבין/חיים ברלב,רחוב: שדרות יצחק רבין עיר: ראשון לציון רציף:  קומה: ,31.976708,34.76227,0,,35815
23713,35863,שדרות היובל/נחלת יהודה,רחוב: שדרות היובל עיר: ראשון לציון רציף:  קומה: ,31.979315,34.797832,0,,35863
23721,35873,ברשבסקי/מנחם כהן,רחוב: ברשבסקי 20 עיר: ראשון לציון רציף:  קומה: ,31.973081,34.812305,0,,35873
23734,35886,ת. רכבת הראשונים,רחוב:   עיר: ראשון לציון רציף:  קומה: ,31.94903,34.803908,0,,35886
23736,35889,יהושע גיבשטיין/יונה צבי פיינשטיין,רחוב: יהושע גיבשטיין 14 עיר: ראשון לציון רציף:  קומה: ,31.953837,34.811992,0,,35889
23755,35908,הרצל/הרב הרצוג,רחוב: הרצל 59 עיר: ראשון לציון רציף:  קומה: ,31.967212,34.803052,0,,35908
23756,35909,עין הקורא/הרצל,רחוב: עין הקורא 18 עיר: ראשון לציון רציף:  קומה: ,31.965847,34.802463,0,,35909
23762,35916,לוי אשכול/תור הזהב,רחוב: לוי אשכול 24 עיר: ראשון לציון רציף:  קומה: ,31.974028,34.776001,0,,35916
23765,35919,נווה דקלים/רפידים,רחוב: נווה דקלים 48 עיר: ראשון לציון רציף:  קומה: ,31.979649,34.760228,0,,35919
23766,35920,החלוצים/נוב,רחוב: החלוצים 37 עיר: ראשון לציון רציף:  קומה: ,31.984426,34.760923,0,,35920
23767,35921,החלוצים/נוב,רחוב: החלוצים 62 עיר: ראשון לציון רציף:  קומה: ,31.98389,34.760386,0,,35921
23768,35922,נווה דקלים/נחל ים,רחוב: נווה דקלים 53 עיר: ראשון לציון רציף:  קומה: ,31.979959,34.759476,0,,35922
23776,35932,שמוטקין/ברשבסקי,רחוב: בנימין שמוטקין עיר: ראשון לציון רציף:  קומה: ,31.974383,34.810697,0,,35932
23777,35933,צבי פרנק/גבעתי,רחוב: צבי פרנק עיר: ראשון לציון רציף:  קומה: ,31.969201,34.816173,0,,35933
23779,35935,חיים בר לב/משה דיין,רחוב: חיים ברלב עיר: ראשון לציון רציף:  קומה: ,31.982506,34.767779,0,,35935
23781,35939,התזמורת/העוגב,רחוב: התזמורת 15 עיר: ראשון לציון רציף:  קומה: ,31.968179,34.77554,0,,35939
23839,35999,חיים בר לב/גדולי ישראל,רחוב: חיים ברלב עיר: ראשון לציון רציף:  קומה: ,31.979245,34.76498,0,,35999
23840,36000,נגבה/חומה ומגדל,רחוב: נגבה 33 עיר: ראשון לציון רציף:  קומה: ,31.963659,34.776986,0,,36000
23841,36001,מרכז גנים/נגבה,רחוב: נגבה 31 עיר: ראשון לציון רציף:  קומה: ,31.963426,34.777918,0,,36001
23842,36002,נגבה/כפר חיטים,רחוב: נגבה 20 עיר: ראשון לציון רציף:  קומה: ,31.962787,34.780498,0,,36002
23843,36003,נגבה/חניתה,רחוב: נגבה 16 עיר: ראשון לציון רציף:  קומה: ,31.963862,34.780975,0,,36003
23845,36005,שדרות יעקב/ישעיהו הנביא,רחוב: שדרות יעקב 60 עיר: ראשון לציון רציף:  קומה: ,31.951875,34.819992,0,,36005
23846,36006,מרכז קארדו/השירה העברית,רחוב: השירה העברית 6 עיר: ראשון לציון רציף:  קומה: ,31.97657,34.76984,0,,36006
23847,36007,השירה העברית/המשוררת רחל,רחוב: השירה העברית 7 עיר: ראשון לציון רציף:  קומה: ,31.976,34.769899,0,,36007
23848,36008,מרכז קארדו/השירה העברית,רחוב: השירה העברית 17 עיר: ראשון לציון רציף:  קומה: ,31.977879,34.769379,0,,36008
23849,36009,מורשת ישראל/ריב''ל,רחוב: מורשת ישראל 9 עיר: ראשון לציון רציף:  קומה: ,31.974789,34.772474,0,,36009
23850,36010,מורשת ישראל/הרב נריה,רחוב: מורשת ישראל 16 עיר: ראשון לציון רציף:  קומה: ,31.974885,34.773267,0,,36010
23851,36011,גדולי ישראל/שייקה אופיר,רחוב: גדולי ישראל 18 עיר: ראשון לציון רציף:  קומה: ,31.978742,34.771402,0,,36011
23852,36012,גדולי ישראל/אלקבץ,רחוב: גדולי ישראל 9 עיר: ראשון לציון רציף:  קומה: ,31.978765,34.771875,0,,36012
23853,36014,חומה ומגדל/אושה,רחוב: חומה ומגדל 13 עיר: ראשון לציון רציף:  קומה: ,31.965369,34.776932,0,,36014
23854,36015,נגבה/אושה,רחוב: נגבה 4 עיר: ראשון לציון רציף:  קומה: ,31.966402,34.778981,0,,36015
23855,36016,חומה ומגדל/יצחק רבין,רחוב: חומה ומגדל 2 עיר: ראשון לציון רציף:  קומה: ,31.967519,34.777917,0,,36016
23856,36017,חומה ומגדל/ההסתדרות,רחוב: חומה ומגדל 3 עיר: ראשון לציון רציף:  קומה: ,31.967518,34.778185,0,,36017
23857,36019,נגבה/שדה נחום,רחוב: נגבה 7 עיר: ראשון לציון רציף:  קומה: ,31.96609,34.780086,0,,36019
23858,36021,נגבה/דן,רחוב: נגבה 11 עיר: ראשון לציון רציף:  קומה: ,31.965174,34.781676,0,,36021
23859,36023,ההסתדרות/גולדה מאיר,רחוב: ההסתדרות עיר: ראשון לציון רציף:  קומה: ,31.967223,34.781792,0,,36023
23860,36024,התקומה/ישראל גלילי,רחוב: התקומה עיר: ראשון לציון רציף:  קומה: ,31.971263,34.780097,0,,36024
23861,36025,התקומה/היקינטון,רחוב: התקומה 17 עיר: ראשון לציון רציף:  קומה: ,31.972205,34.780916,0,,36025
23862,36026,קניון הבאר/תור הזהב,רחוב: תור הזהב 3 עיר: ראשון לציון רציף:  קומה: ,31.974982,34.775439,0,,36026
23863,36027,קניון הבאר/תור הזהב,רחוב: תור הזהב 4 עיר: ראשון לציון רציף:  קומה: ,31.97501,34.775829,0,,36027
23864,36031,התקומה/שומרה,רחוב: התקומה 10 עיר: ראשון לציון רציף:  קומה: ,31.974849,34.782181,0,,36031
23865,36032,התקומה/המורן,רחוב: התקומה 7 עיר: ראשון לציון רציף:  קומה: ,31.974784,34.78241,0,,36032
23869,36040,רוטשילד/השקד,רחוב: רוטשילד 85 עיר: ראשון לציון רציף:  קומה: ,31.964161,34.796224,0,,36040
23871,36042,גן הזיכרון/התקומה,רחוב: התקומה 4 עיר: ראשון לציון רציף:  קומה: ,31.97694,34.783429,0,,36042
23872,36043,שדרות משה דיין/הרב יוסף עזרן,רחוב: שדרות משה דיין 14 עיר: ראשון לציון רציף:  קומה: ,31.978633,34.783711,0,,36043
23873,36044,שדרות משה דיין/התקומה,רחוב: שדרות משה דיין 1 עיר: ראשון לציון רציף:  קומה: ,31.978041,34.785103,0,,36044
23874,36045,שדרות משה דיין/שאול המלך,רחוב: שדרות משה דיין 1 עיר: ראשון לציון רציף:  קומה: ,31.97742,34.788541,0,,36045
23875,36046,שד. משה דיין/שאול המלך,רחוב: שדרות משה דיין 10 עיר: ראשון לציון רציף:  קומה: ,31.977659,34.788426,0,,36046
23876,36048,זבוטינסקי/שפינוזה,רחוב: ז'בוטינסקי 54 עיר: ראשון לציון רציף:  קומה: ,31.96788,34.799514,0,,36048
23877,36050,ז'בוטינסקי/שדרות בגין,רחוב: ז'בוטינסקי 86 עיר: ראשון לציון רציף:  קומה: ,31.971693,34.798335,0,,36050
23878,36051,משטרת ראשל''צ/ז'בוטינסקי,רחוב: ז'בוטינסקי עיר: ראשון לציון רציף:  קומה: ,31.973526,34.797117,0,,36051
23879,36052,משטרת ראשל''צ/ז'בוטינסקי,רחוב: ז'בוטינסקי 110 עיר: ראשון לציון רציף:  קומה: ,31.974784,34.79675,0,,36052
23880,36053,ת. רכבת הראשונים,רחוב:   עיר: ראשון לציון רציף:  קומה: ,31.949155,34.803799,0,,36053
23881,36055,מסוף אבי האסירים,רחוב:   עיר: ראשון לציון רציף:  קומה: ,31.954371,34.803814,1,,36055
23882,36056,זבוטינסקי/האחים סמילצנסקי,רחוב: ז'בוטינסקי 19 עיר: ראשון לציון רציף:  קומה: ,31.960348,34.800948,0,,36056
23883,36061,עולי הגרדום/רוטנברג,רחוב: עולי הגרדום 4 עיר: ראשון לציון רציף:  קומה: ,31.961062,34.801878,0,,36061
23884,36062,היכל התרבות/זבוטינסקי,רחוב: ז'בוטינסקי 14 עיר: ראשון לציון רציף:  קומה: ,31.961971,34.800463,0,,36062
23885,36063,היכל התרבות/זבוטינסקי,רחוב: ז'בוטינסקי 39 עיר: ראשון לציון רציף:  קומה: ,31.962669,34.800055,0,,36063
23889,36069,מרגולין/צ''ג בנות,רחוב: מרגולין 12 עיר: ראשון לציון רציף:  קומה: ,31.969224,34.808896,0,,36069
23890,36070,הגדוד העברי/חב''ד,רחוב: הגדוד העברי 65 עיר: ראשון לציון רציף:  קומה: ,31.969004,34.810124,0,,36070
23891,36071,הגדוד העברי/מרגולין,רחוב: הגדוד העברי 56 עיר: ראשון לציון רציף:  קומה: ,31.968705,34.810283,0,,36071
23892,36072,שדרות יעקב/האשל,רחוב: שדרות יעקב 3 עיר: ראשון לציון רציף:  קומה: ,31.959691,34.823926,0,,36072
23893,36073,שדרות יעקב/הורד,רחוב: שדרות יעקב 6 עיר: ראשון לציון רציף:  קומה: ,31.959666,34.823703,0,,36073
23897,36083,צומת חב''ד,רחוב: 4402 עיר: ראשון לציון רציף:  קומה: ,31.979243,34.837288,0,,36083
23898,36086,זלמן שזר/חיל הים,רחוב: זלמן שז''ר 37 עיר: ראשון לציון רציף:  קומה: ,31.99673,34.73928,0,,36086
23902,36090,כורש/רחבעם זאבי,רחוב: כורש 1 עיר: ראשון לציון רציף:  קומה: ,31.994732,34.742436,0,,36090
23903,36091,כורש/זלמן שז''ר,רחוב: כורש 7 עיר: ראשון לציון רציף:  קומה: ,31.996079,34.743003,0,,36091
23905,36093,חיל התותחנים/אח''י חץ,רחוב: חיל התותחנים 17 עיר: ראשון לציון רציף:  קומה: ,31.998255,34.738173,0,,36093
24088,36312,יוסף לישנסקי/דוד סחרוב,רחוב: יוסף לישנסקי עיר: ראשון לציון רציף:  קומה: ,31.99324,34.767438,0,,36312
24089,36315,יוסף לישנסקי/שייקה דן,רחוב: יוסף לישנסקי 27 עיר: ראשון לציון רציף:  קומה: ,31.994753,34.767269,0,,36315
24233,36592,יעקוב פריימן/מנחם כהן,רחוב: יעקב פריימן 20 עיר: ראשון לציון רציף:  קומה: ,31.974883,34.814324,0,,36592
24265,36646,מנחם כהן/הצופים,רחוב: מנחם כהן עיר: ראשון לציון רציף:  קומה: ,31.97462,34.813286,0,,36646
24284,36731,קניון אם מושבות/ראשון לציון,רחוב: ראשון לציון עיר: פתח תקווה רציף:  קומה: ,32.100547,34.876439,0,,36731
24309,36813,יגאל אלון/שדרות נים,רחוב: יגאל אלון 66 עיר: ראשון לציון רציף:  קומה: ,31.948507,34.810421,0,,36813
24627,37315,מחלף עין הקורא,רחוב: 4311 עיר: ראשון לציון רציף:  קומה: ,31.956457,34.783763,0,,37315
24628,37316,המכללה למנהל/אלי ויזל,רחוב: אלי ויזל 2 עיר: ראשון לציון רציף:  קומה: ,31.96911,34.770469,0,,37316
24638,37326,חיים בר לב/החלוצים,רחוב: חיים ברלב עיר: ראשון לציון רציף:  קומה: ,31.981841,34.766974,0,,37326
24639,37327,שדרות יעקב/מורדי הגיטאות,רחוב: שדרות יעקב עיר: ראשון לציון רציף:  קומה: ,31.955213,34.821998,0,,37327
24640,37328,הרצל/אסא,רחוב: הרצל 86 עיר: ראשון לציון רציף:  קומה: ,31.962979,34.802919,0,,37328
24641,37329,משה שרת/קנר,רחוב: משה שרת 25 עיר: ראשון לציון רציף:  קומה: ,31.993117,34.755451,0,,37329
24646,37334,הרב יוסף עזרן/שנהב,רחוב: הרב יוסף עזרן 7 עיר: ראשון לציון רציף:  קומה: ,31.980348,34.785254,0,,37334
24647,37335,מבצע משה/הנחשול,רחוב: מבצע משה 41 עיר: ראשון לציון רציף:  קומה: ,31.982015,34.782233,0,,37335
24648,37336,הנחשול/ה' באייר,רחוב: הנחשול 42 עיר: ראשון לציון רציף:  קומה: ,31.98122,34.780321,0,,37336
24664,37504,שדרות היובל/פינסקר,רחוב: שדרות היובל עיר: ראשון לציון רציף:  קומה: ,31.981819,34.799524,0,,37504
24666,37506,הרצל/בן זאב,רחוב: הרצל 35 עיר: ראשון לציון רציף:  קומה: ,31.969914,34.805183,0,,37506
24668,37509,צבי פרנק/הרב צדוק,רחוב: צבי פרנק 19 עיר: ראשון לציון רציף:  קומה: ,31.97199,34.808593,0,,37509
24733,37597,מרכז כרמים/הסוכה,רחוב: הסוכה 7 עיר: ראשון לציון רציף:  קומה: ,31.975462,34.779643,0,,37597
24736,37602,ירושלים/האחד עשר,רחוב: ירושלים 77 עיר: ראשון לציון רציף:  קומה: ,31.962267,34.819914,0,,37602
24739,37605,גבעתי/קרייתי,רחוב: גבעתי עיר: ראשון לציון רציף:  קומה: ,31.963382,34.817396,0,,37605
24740,37606,חנה ומיכאל לוין/חיים שרף,רחוב: חנה ומיכאל לוין 10 עיר: ראשון לציון רציף:  קומה: ,31.964906,34.823585,0,,37606
24741,37607,גבעתי/רש''י,רחוב: גבעתי 4 עיר: ראשון לציון רציף:  קומה: ,31.967412,34.816731,0,,37607
24753,37622,צבי פרנק/ברנדייס,רחוב: צבי פרנק 12 עיר: ראשון לציון רציף:  קומה: ,31.972102,34.807643,0,,37622
24754,37623,רוטשילד/זבוטינסקי,רחוב: רוטשילד 53 עיר: ראשון לציון רציף:  קומה: ,31.963819,34.800335,0,,37623
24755,37624,הרצל/תרמ''ב,רחוב: הרצל 65 עיר: ראשון לציון רציף:  קומה: ,31.966379,34.802881,0,,37624
24756,37625,הרצל/ינובסקי,רחוב: הרצל עיר: ראשון לציון רציף:  קומה: ,31.958395,34.801979,0,,37625
24757,37626,הרצל/עין הקורא,רחוב: הרצל 54 עיר: ראשון לציון רציף:  קומה: ,31.966292,34.80265,0,,37626
24759,37628,יוסף ספיר/השר חיים שפירא,רחוב: יוסף ספיר 3 עיר: ראשון לציון רציף:  קומה: ,31.992621,34.750967,0,,37628
24765,37634,הרצל/שדרות תש''ח,רחוב: הרצל 132 עיר: ראשון לציון רציף:  קומה: ,31.955339,34.802324,0,,37634
24767,37639,הרצל/אבי האסירים,רחוב: הרצל 127 עיר: ראשון לציון רציף:  קומה: ,31.954778,34.802695,0,,37639
24768,37644,הרצל/הכרמל,רחוב: הרצל עיר: ראשון לציון רציף:  קומה: ,31.962545,34.803188,0,,37644
24774,37650,צבי פרנק/יוחנן הסנדלר,רחוב: צבי פרנק 46 עיר: ראשון לציון רציף:  קומה: ,31.970067,34.812814,0,,37650
24775,37651,צבי פרנק/יעקובזון,רחוב: צבי פרנק עיר: ראשון לציון רציף:  קומה: ,31.970223,34.812877,0,,37651
24782,37658,סגל/פיקא,רחוב: מרדכי יואל סגל 9 עיר: ראשון לציון רציף:  קומה: ,31.972454,34.81445,0,,37658
24787,37663,צומת צריפין לצפון,רחוב: 44 עיר: ראשון לציון רציף:  קומה: ,31.969932,34.843347,0,,37663
24788,37664,מחנה צריפין,רחוב:   עיר: ראשון לציון רציף:  קומה: ,31.962907,34.836459,0,,37664
24861,37792,ת. רכבת ראשונים,רחוב: הרצל עיר: ראשון לציון רציף:  קומה: ,31.949222,34.801928,0,,37792
24995,37928,בי''ס לכבאות/רחבעם זאבי,רחוב: שדרות רחבעם זאבי 9 עיר: ראשון לציון רציף:  קומה: ,31.99291,34.74513,0,,37928
25006,37939,כתריאל רפפורט/חיים הרצוג,רחוב: כתריאל רפפורט 4 עיר: ראשון לציון רציף:  קומה: ,31.966961,34.82445,0,,37939
25027,38016,אברהם בומה שביט/התגלית,רחוב: אברהם בומה שביט 4 עיר: ראשון לציון רציף:  קומה: ,31.950223,34.762385,0,,38016
25030,38019,אברהם בומה שביט/מרק מושביץ,רחוב: אברהם בומה שביט 2 עיר: ראשון לציון רציף:  קומה: ,31.950967,34.76905,0,,38019
25032,38021,התזמורת/הקלרנית,רחוב: התזמורת עיר: ראשון לציון רציף:  קומה: ,31.963831,34.773968,0,,38021
25033,38022,המכללה למינהל/מוטה גור,רחוב: מוטה גור עיר: ראשון לציון רציף:  קומה: ,31.969801,34.773176,0,,38022
25057,38047,סופרלנד/שדרות מינסטר,רחוב:   עיר: ראשון לציון רציף:  קומה: ,31.979084,34.74321,0,,38047
25058,38048,סופרלנד/שדרות מינסטר,רחוב: שדרות מרילנד עיר: ראשון לציון רציף:  קומה: ,31.979174,34.742528,0,,38048
25059,38049,איקאה/היוזמה,רחוב: היוזמה עיר: ראשון לציון רציף:  קומה: ,31.951151,34.770731,0,,38049
25107,38144,דרך המכבים/אלי כהן,רחוב: דרך המכבים 60 עיר: ראשון לציון רציף:  קומה: ,31.984633,34.81074,0,,38144
25113,38150,ז'בוטינסקי/רוטשילד,רחוב: ז'בוטינסקי 26 עיר: ראשון לציון רציף:  קומה: ,31.964472,34.799939,0,,38150
25120,38157,לוי אשכול/חסידי אומות העולם,רחוב: לוי אשכול עיר: ראשון לציון רציף:  קומה: ,31.977439,34.777987,0,,38157
25132,38169,שדרות משה דיין/אבני החושן,רחוב: שדרות משה דיין 20 עיר: ראשון לציון רציף:  קומה: ,31.981051,34.774529,0,,38169
25133,38170,סינמה סיטי/משה דיין,רחוב: שדרות משה דיין 24 עיר: ראשון לציון רציף:  קומה: ,31.982591,34.77123,0,,38170
25134,38171,שדרות משה דיין/בסקינד,רחוב: שדרות משה דיין 28 עיר: ראשון לציון רציף:  קומה: ,31.984956,34.766404,0,,38171
25135,38172,שדרות משה דיין/הנחשול,רחוב: שדרות משה דיין עיר: ראשון לציון רציף:  קומה: ,31.979905,34.7787,0,,38172
25136,38173,לוי אשכול/היין,רחוב: לוי אשכול 29 עיר: ראשון לציון רציף:  קומה: ,31.972967,34.775657,0,,38173
25328,38428,ת. רכבת ראשונים,רחוב: יציאה לכביש 431 עיר: ראשון לציון רציף:  קומה: ,31.950976,34.801211,0,,38428
25332,38432,נסיה/התעשיין,רחוב: נסיה עיר: ראשון לציון רציף:  קומה: ,31.98561,34.815841,0,,38432
25333,38433,בנימין שמוטקין/טוליפמן,רחוב: בנימין שמוטקין 45 עיר: ראשון לציון רציף:  קומה: ,31.982442,34.814295,0,,38433
25335,38435,שמוטקין/פנחס בן דוד,רחוב: בנימין שמוטקין 29 עיר: ראשון לציון רציף:  קומה: ,31.979307,34.81265,0,,38435
25336,38436,שמוטקין/פריימן,רחוב: בנימין שמוטקין 30 עיר: ראשון לציון רציף:  קומה: ,31.977057,34.811926,0,,38436
25337,38437,שמוטקין/טוליפמן,רחוב: בנימין שמוטקין 40 עיר: ראשון לציון רציף:  קומה: ,31.98053,34.81354,0,,38437
25360,38460,שדרות הציונות/אלימלך צמיר,רחוב: שדרות הציונות עיר: ראשון לציון רציף:  קומה: ,31.981735,34.806363,0,,38460
25372,38472,נחמיה/דבורה הנביאה,רחוב: נחמיה 47 עיר: ראשון לציון רציף:  קומה: ,31.949635,34.817988,0,,38472
25395,38495,חנה ומיכאל לוין/ירושלים,רחוב: חנה ומיכאל לוין עיר: ראשון לציון רציף:  קומה: ,31.962976,34.822068,0,,38495
25405,38507,סינמה סיטי/משה דיין,רחוב: שדרות משה דיין 7 עיר: ראשון לציון רציף:  קומה: ,31.981765,34.772339,0,,38507
25910,11565,שד.ראשון לציון/יסוד המעלה,רחוב: ראשון לציון 29 עיר: אשדוד רציף:  קומה: ,31.782395,34.658259,0,,11565
25911,11566,שד.ראשון לציון/שפייה,רחוב: ראשון לציון 9 עיר: אשדוד רציף:  קומה: ,31.781359,34.660929,0,,11566
26127,13112,ראשל''צ / דגניה,רחוב: ראשון לציון 14 עיר: אשדוד רציף:  קומה: ,31.782302,34.658763,0,,13112
26132,13117,שד.ראשון לציון/שפייה,רחוב: ראשון לציון 9 עיר: אשדוד רציף:  קומה: ,31.781409,34.661052,0,,13117
33915,38607,גולדה מאיר/ההרדוף,רחוב: גולדה מאיר 19 עיר: ראשון לציון רציף:  קומה: ,31.970953,34.786275,0,,38607
33942,38634,ת. רכבת משה דיין,רחוב: שדרות משה דיין עיר: ראשון לציון רציף:  קומה: ,31.987491,34.757304,0,,38634
33943,38635,ת. רכבת משה דיין,רחוב: שדרות משה דיין עיר: ראשון לציון רציף:  קומה: ,31.987208,34.757307,0,,38635
33987,38679,שמעון פרס/הנרי קיסינג'ר,רחוב: שמעון פרס 5 עיר: ראשון לציון רציף:  קומה: ,31.96884,34.768578,0,,38679
33988,38680,מרכז פרס נובל,רחוב: שמעון פרס 29 עיר: ראשון לציון רציף:  קומה: ,31.96785,34.765001,0,,38680
33989,38681,מרכז פרס נובל,רחוב: שמעון פרס 18 עיר: ראשון לציון רציף:  קומה: ,31.968494,34.763981,0,,38681
33991,38683,המכללה למינהל/מוטה גור,רחוב: מוטה גור 1 עיר: ראשון לציון רציף:  קומה: ,31.969716,34.773428,0,,38683
33992,38684,נווה דקלים/פרי גן,רחוב: נווה דקלים 25 עיר: ראשון לציון רציף:  קומה: ,31.979313,34.763289,0,,38684
33993,38685,שמעון פרס/מעגל השלום,רחוב: שמעון פרס 30 עיר: ראשון לציון רציף:  קומה: ,31.97156,34.763581,0,,38685
33994,38686,כצנלסון/ארלוזורוב,רחוב: כצנלסון 42 עיר: ראשון לציון רציף:  קומה: ,31.967711,34.793144,0,,38686
33998,38690,כביש 4311/מושביץ,רחוב: 4311 עיר: ראשון לציון רציף:  קומה: ,31.948909,34.770685,0,,38690
33999,38691,ביה''ס אבני החושן/ה באייר,רחוב: ה' באייר 7 עיר: ראשון לציון רציף:  קומה: ,31.982914,34.774701,0,,38691
34000,38692,אברהם בומה שביט/התגלית,רחוב: אברהם בומה שביט 5 עיר: ראשון לציון רציף:  קומה: ,31.950059,34.762258,0,,38692
34002,38694,אברהם בומה שביט/מרק מושביץ,רחוב: אברהם בומה שביט 1 עיר: ראשון לציון רציף:  קומה: ,31.950808,34.769018,0,,38694
34005,38697,שדרות היובל/כל ישראל חברים,רחוב: שדרות היובל עיר: ראשון לציון רציף:  קומה: ,31.979898,34.79861,0,,38697
34009,38701,שמעון פרס/ורבורג,רחוב: שמעון פרס 53 עיר: ראשון לציון רציף:  קומה: ,31.970816,34.762843,0,,38701
34010,38702,שמעון פרס/מעגל השלום,רחוב: שמעון פרס 8 עיר: ראשון לציון רציף:  קומה: ,31.968159,34.767743,0,,38702
34014,38706,צומת עין הקורא,רחוב: יציאה לכביש 431 עיר: ראשון לציון רציף:  קומה: ,31.955641,34.78427,0,,38706
34027,38719,מרכז רמת אליהו/זלמן שניאור,רחוב: שדרות זלמן שניאור 18 עיר: ראשון לציון רציף:  קומה: ,31.985493,34.787393,0,,38719
34029,38721,צומת עין הקורא,רחוב: שדרת תש''ח עיר: ראשון לציון רציף:  קומה: ,31.955792,34.787394,0,,38721
34047,38739,בן גוריון/כיכר השוטר,רחוב: שדרות בן גוריון עיר: ראשון לציון רציף:  קומה: ,31.967036,34.789549,0,,38739
34073,38765,חוף ראשון לציון,רחוב: שדרות רחבעם זאבי עיר: ראשון לציון רציף:  קומה: ,31.996452,34.733902,0,,38765
34106,38798,חנה ומיכאל לוין/חיים שרף,רחוב: חנה ומיכאל לוין עיר: ראשון לציון רציף:  קומה: ,31.964139,34.823245,0,,38798
34107,38799,בית עלמין צבאי/יוסף בורג,רחוב: ד''ר יוסף בורג עיר: ראשון לציון רציף:  קומה: ,31.968847,34.819409,0,,38799
34109,38801,צומת עין הקורא,רחוב: יציאה לכביש 4 עיר: ראשון לציון רציף:  קומה: ,31.956807,34.786252,0,,38801
34110,38802,ג'י סיטי/חיים בר-לב,רחוב: חיים ברלב עיר: ראשון לציון רציף:  קומה: ,31.983128,34.767979,0,,38802
34111,38803,בסקינד/הכשרת הישוב,רחוב: נדב בסקינד 12 עיר: ראשון לציון רציף:  קומה: ,31.988595,34.768822,0,,38803
34112,38804,גדולי ישראל/השירה העברית,רחוב: גדולי ישראל 17 עיר: ראשון לציון רציף:  קומה: ,31.978316,34.767407,0,,38804
34117,38809,גולדה מאיר/הסיתוונית,רחוב: גולדה מאיר 4 עיר: ראשון לציון רציף:  קומה: ,31.976016,34.784023,0,,38809
34118,38810,אנילביץ'/צייטלין,רחוב: אנילביץ' 27 עיר: ראשון לציון רציף:  קומה: ,31.984269,34.789882,0,,38810
34119,38811,כביש 4311/כביש 412,רחוב: 4311 עיר: ראשון לציון רציף:  קומה: ,31.95373,34.778514,0,,38811
34120,38812,כביש 4311/המדע,רחוב: 4311 עיר: ראשון לציון רציף:  קומה: ,31.950591,34.775117,0,,38812
34121,38813,כביש 4311/מושביץ,רחוב: 4311 עיר: ראשון לציון רציף:  קומה: ,31.949267,34.7722,0,,38813
34122,38814,כביש 4311/נטעים,רחוב: 4311 עיר: ראשון לציון רציף:  קומה: ,31.949374,34.773575,0,,38814
34123,38815,צומת עין הקורא,רחוב: 4311 עיר: ראשון לציון רציף:  קומה: ,31.955737,34.781706,0,,38815
34125,38817,התזמורת/הקלרנית,רחוב: התזמורת 40 עיר: ראשון לציון רציף:  קומה: ,31.964225,34.77408,0,,38817
34126,38818,התזמורת/הגיתית,רחוב: התזמורת 58 עיר: ראשון לציון רציף:  קומה: ,31.964756,34.771862,0,,38818
34131,38823,נווה דקלים/החלוצים,רחוב: נווה דקלים 10 עיר: ראשון לציון רציף:  קומה: ,31.981693,34.764979,0,,38823
34132,38824,נווה דקלים/נתיב העשרה,רחוב: נווה דקלים 24 עיר: ראשון לציון רציף:  קומה: ,31.979799,34.763536,0,,38824
34133,38825,התזמורת/התוף,רחוב: התזמורת 49 עיר: ראשון לציון רציף:  קומה: ,31.964231,34.771467,0,,38825
34134,38826,המכללה למנהל/יצחק רבין,רחוב: שדרות יצחק רבין 5 עיר: ראשון לציון רציף:  קומה: ,31.970068,34.77469,0,,38826
34175,38939,העצמאות/אהרון אוזן,רחוב: העצמאות 52 עיר: ראשון לציון רציף:  קומה: ,31.984372,34.80375,0,,38939
34217,38958,מתחם פלאנט,רחוב:   עיר: ראשון לציון רציף:  קומה: ,31.980599,34.74823,0,,38958
35172,38970,שדרות היובל/העצמאות,רחוב: שדרות היובל עיר: ראשון לציון רציף:  קומה: ,31.982838,34.801209,0,,38970
35173,38971,שדרות הציונות/העצמאות,רחוב: שדרות הציונות עיר: ראשון לציון רציף:  קומה: ,31.982048,34.803062,0,,38971
35283,31850,ת. רכבת משה דיין,רחוב: יציאה לכביש 20 עיר: ראשון לציון רציף:  קומה: ,31.987896,34.758433,0,,31850
35284,31851,יגאל אלון/הרב טיבוביץ,רחוב: יגאל אלון 2 עיר: ראשון לציון רציף:  קומה: ,31.961191,34.820654,0,,31851
35285,31852,יגאל אלון/גרינשפן,רחוב: יגאל אלון 26 עיר: ראשון לציון רציף:  קומה: ,31.955587,34.815835,0,,31852
35286,31853,קניון ראשונים/שדרות נים,רחוב: שדרות נים עיר: ראשון לציון רציף:  קומה: ,31.949172,34.805243,0,,31853
35287,31854,קניון ראשונים/שדרות נים,רחוב: שדרות נים עיר: ראשון לציון רציף:  קומה: ,31.949262,34.804653,0,,31854
35288,31855,יגאל אלון/מורדי הגטאות,רחוב: יגאל אלון עיר: ראשון לציון רציף:  קומה: ,31.956499,34.816975,0,,31855
36829,38358,מנחם גינדי/חיים הרצוג,רחוב: מנחם גינדי 2 עיר: ראשון לציון רציף:  קומה: ,31.968574,34.82668,0,,38358
36830,38359,יוסף בורג/מנחם גינדי,רחוב: ד''ר יוסף בורג עיר: ראשון לציון רציף:  קומה: ,31.970026,34.821507,0,,38359
36831,38360,כתריאל רפפורט/האחד עשר,רחוב: כתריאל רפפורט 16 עיר: ראשון לציון רציף:  קומה: ,31.968655,34.820969,0,,38360
36832,38361,כתריאל רפפורט/דר יוסף בורג,רחוב: כתריאל רפפורט 14 עיר: ראשון לציון רציף:  קומה: ,31.968552,34.821348,0,,38361
36833,38362,יוסף בורג/ההתיישבות,רחוב: ד''ר יוסף בורג 12 עיר: ראשון לציון רציף:  קומה: ,31.970626,34.822298,0,,38362
37870,44237,תחנת מוניות ראשון לציון שד' יעקב,רחוב: שדרות יעקב עיר: ראשון לציון רציף:  קומה: ,31.95521,34.821996,0,,44237
37871,44236,תחנת מוניות ראשון לציון שד' יעקב,רחוב: שדרות יעקב 43 עיר: ראשון לציון רציף:  קומה: ,31.955195,34.822241,0,,44236
37872,44235,תחנת מוניות ראשון לציון הרצל,רחוב: הרצל 72 עיר: ראשון לציון רציף:  קומה: ,31.964505,34.802816,0,,44235
37873,44234,תחנת מוניות ראשון לציון הרצל,רחוב: הרצל 79 עיר: ראשון לציון רציף:  קומה: ,31.964904,34.803014,0,,44234
37874,44233,תחנת מוניות ראשון לציון אבי האסירים,רחוב: אבי האסירים 6 עיר: ראשון לציון רציף:  קומה: ,31.954363,34.804584,0,,44233
37875,44232,תחנת מוניות ראשון לציון אבי האסירים,רחוב: אבי האסירים 5 עיר: ראשון לציון רציף:  קומה: ,31.954163,34.804609,0,,44232
37876,44231,תחנת מוניות ראשון לציון רכבת ראשונים,רחוב:   עיר: ראשון לציון רציף:  קומה: ,31.949086,34.803704,0,,44231
37877,44230,תחנת מוניות ראשון לציון בנימין שמוטקין,רחוב: בנימין שמוטקין 42 עיר: ראשון לציון רציף:  קומה: ,31.982386,34.814526,0,,44230
37878,44229,תחנת מוניות ראשון לציון בנימין שמוטקין,רחוב: בנימין שמוטקין 45 עיר: ראשון לציון רציף:  קומה: ,31.982462,34.814305,0,,44229
37879,44228,תחנת מוניות ראשון לציון דוד סחרוב,רחוב: דוד סחרוב עיר: ראשון לציון רציף:  קומה: ,31.990151,34.773305,0,,44228
37880,44227,תחנת מוניות ראשון לציון דוד סחרוב,רחוב: דוד סחרוב 24 עיר: ראשון לציון רציף:  קומה: ,31.990031,34.773176,0,,44227
38007,44098,תחנת מוניות ראשון לציון הטיילת ורחבעם זאבי,רחוב: הטיילת 1 עיר: ראשון לציון רציף:  קומה: ,31.996899,34.73169,0,,44098
38008,44097,תחנת מוניות ראשון לציון הטייל ורחבעם זאבי,רחוב: הטיילת 1 עיר: ראשון לציון רציף:  קומה: ,31.996809,34.731702,0,,44097
38078,44027,תחנת מוניות ראשל''צ הרב יוסף עזרן מבצע משה,רחוב: הרב יוסף עזרן עיר: ראשון לציון רציף:  קומה: ,31.979757,34.784985,0,,44027
38079,44026,תחנת מוניות ראשל''צ הרב יוסף עזרן מבצע משה,רחוב: הרב יוסף עזרן 6 עיר: ראשון לציון רציף:  קומה: ,31.979682,34.785202,0,,44026
38080,44025,תחנת מוניות ראשון לציון קאנטרי קלאב,רחוב:   עיר: ראשון לציון רציף:  קומה: ,31.949501,34.786387,0,,44025
38288,37413,מסוף קניון הזהב,רחוב:   עיר: ראשון לציון רציף:  קומה: ,31.988604,34.775088,0,,37413
38692,37456,התקומה/ההסתדרות,רחוב: התקומה 31 עיר: ראשון לציון רציף:  קומה: ,31.969032,34.77904,0,,37456
38749,37477,רנה קאסן/שדרות יצחק רבין,רחוב: רנה קאסן עיר: ראשון לציון רציף:  קומה: ,31.975469,34.762135,0,,37477
38750,37476,חנה ומיכאל לוין/אולגה ויהושע,רחוב: חנה ומיכאל לוין עיר: ראשון לציון רציף:  קומה: ,31.965565,34.824364,0,,37476
38751,37475,החלוצים/עין זיוון,רחוב: החלוצים 34 עיר: ראשון לציון רציף:  קומה: ,31.984776,34.762805,0,,37475
38752,37474,החלוצים/יונתן,רחוב: החלוצים 16 עיר: ראשון לציון רציף:  קומה: ,31.983427,34.765217,0,,37474
38970,30065,רבי עקיבא/רבי נחמיה מוטא,רחוב: רבי עקיבא עיר: ראשון לציון רציף:  קומה: ,31.947707,34.823116,0,,30065
38971,30064,רבי עקיבא/רבי נחמיה מוטא,רחוב: רבי עקיבא 1 עיר: ראשון לציון רציף:  קומה: ,31.947781,34.823278,0,,30064
38972,30063,קנר/משה שרת,רחוב: יעקב קנר 3 עיר: ראשון לציון רציף:  קומה: ,31.992743,34.754769,0,,30063
38973,30060,שדרות מינסטר/שדרות רחבעם זאבי,רחוב: שדרות מינסטר עיר: ראשון לציון רציף:  קומה: ,31.991811,34.746649,0,,30060
39268,30497,יעקב פריימן/תנועות הנוער,רחוב: יעקב פריימן עיר: ראשון לציון רציף:  קומה: ,31.974135,34.816838,0,,30497
39638,30549,רחבעם זאבי/שדרות מינסטר,רחוב: שדרות רחבעם זאבי 5 עיר: ראשון לציון רציף:  קומה: ,31.991852,34.747253,0,,30549
40534,31040,ראשון לציון/זכרון יעקב,רחוב: ראשון לציון עיר: פתח תקווה רציף:  קומה: ,32.101389,34.876859,0,,31040
40535,30992,ראשון לציון/שרגא רפאלי,רחוב: ראשון לציון עיר: פתח תקווה רציף:  קומה: ,32.106284,34.875933,0,,30992
40641,31218,כורש/ארגמן,רחוב: כורש 20 עיר: ראשון לציון רציף:  קומה: ,31.996944,34.743608,0,,31218
40806,31371,שדרות רחבעם זאבי/כורש,רחוב: שדרות רחבעם זאבי 22 עיר: ראשון לציון רציף:  קומה: ,31.994751,34.740157,0,,31371
41099,31439,זלמן שז''ר/חיל התותחנים,רחוב: זלמן שז''ר 36 עיר: ראשון לציון רציף:  קומה: ,31.997106,34.738346,0,,31439
41100,31438,זלמן שז''ר/חיל הנדסה,רחוב: זלמן שז''ר 22 עיר: ראשון לציון רציף:  קומה: ,31.996211,34.741303,0,,31438
41596,31762,אלי כהן/האחים גלזר,רחוב: אלי כהן 20 עיר: ראשון לציון רציף:  קומה: ,31.985153,34.808204,0,,31762
41597,31761,אלי כהן/גיבורי ישראל,רחוב: אלי כהן עיר: ראשון לציון רציף:  קומה: ,31.985288,34.808144,0,,31761
41598,31760,אלי כהן/מעפילי אקסודוס,רחוב: אלי כהן 3 עיר: ראשון לציון רציף:  קומה: ,31.986263,34.806552,0,,31760
42153,32006,אריה שנקר/התגלית,רחוב: אריה שנקר 9 עיר: ראשון לציון רציף:  קומה: ,31.951159,34.760783,0,,32006
42723,39941,מסוף קניון הזהב,רחוב:   עיר: ראשון לציון רציף: 1   קומה: ,31.989034,34.775225,0,975,39941
42745,33114,לוז/התפוז,רחוב: לוז 9 עיר: ראשון לציון רציף:  קומה: ,31.987439,34.804398,0,,33114
42746,33112,לוז/בארי,רחוב: לוז 31 עיר: ראשון לציון רציף:  קומה: ,31.989915,34.805938,0,,33112
42747,33108,שלום שבזי/גיבורי ישראל,רחוב: שלום שבזי 10 עיר: ראשון לציון רציף:  קומה: ,31.99055,34.809113,0,,33108
42748,33106,גיבורי ישראל/שלום שבזי,רחוב: גיבורי ישראל 24 עיר: ראשון לציון רציף:  קומה: ,31.989225,34.810723,0,,33106
42773,33132,יעקב פריימן/תנועות הנוער,רחוב: יעקב פריימן עיר: ראשון לציון רציף:  קומה: ,31.973492,34.817952,0,,33132
43519,33727,אברהם בר/רוז'נסקי,רחוב: אברהם בר 5 עיר: ראשון לציון רציף:  קומה: ,31.985098,34.773428,0,,33727
43782,35258,התזמורת/הפסנתר,רחוב: התזמורת 5 עיר: ראשון לציון רציף:  קומה: ,31.966947,34.773343,0,,35258
43937,35286,המהר''ל מפראג/עובדיה,רחוב: המהר''ל מפראג 2 עיר: ראשון לציון רציף:  קומה: ,31.948002,34.822188,0,,35286
43938,35285,המהר''ל מפראג/הרב חיים דוד הלוי,רחוב: המהר''ל מפראג עיר: ראשון לציון רציף:  קומה: ,31.947125,34.818151,0,,35285
43939,35284,רבי יהודה הנשיא/הרב חיים דוד הלוי,רחוב: רבי יהודה הנשיא עיר: ראשון לציון רציף:  קומה: ,31.947399,34.817125,0,,35284
43940,35283,רבי יהודה הנשיא/שמגר,רחוב: רבי יהודה הנשיא 60 עיר: ראשון לציון רציף:  קומה: ,31.948362,34.813134,0,,35283
43941,35282,רבי יהודה הנשיא/הסנהדרין,רחוב: רבי יהודה הנשיא 17 עיר: ראשון לציון רציף:  קומה: ,31.948039,34.813806,0,,35282
44335,35561,רבי עקיבא/חיים חפר,רחוב: רבי עקיבא עיר: ראשון לציון רציף:  קומה: ,31.94648,34.828606,0,,35561
44336,35556,רבי עקיבא/חיים חפר,רחוב: רבי עקיבא 58 עיר: ראשון לציון רציף:  קומה: ,31.946312,34.828888,0,,35556
44337,35546,דודו דותן/חיים חפר,רחוב: דודו דותן 5 עיר: ראשון לציון רציף:  קומה: ,31.948178,34.830926,0,,35546
44338,35542,חיים חפר/דודו דותן,רחוב: חיים חפר 12 עיר: ראשון לציון רציף:  קומה: ,31.947942,34.830324,0,,35542
44339,35529,חיים חפר/דודו דותן,רחוב: חיים חפר 5 עיר: ראשון לציון רציף:  קומה: ,31.948704,34.830484,0,,35529
44398,35666,שדרות הציונות/דרך המכבים,רחוב: שדרות הציונות עיר: ראשון לציון רציף:  קומה: ,31.981084,34.808515,0,,35666
44487,36049,צומת בית דגן/כביש 412,רחוב: 412 עיר: ראשון לציון רציף:  קומה: ,32.001305,34.820772,0,,36049
44680,36146,חונים נוסעים ראשון לציון/יוסף טומי לפיד,רחוב: יוסף טומי לפיד עיר: ראשון לציון רציף:  קומה: ,31.973013,34.752568,0,,36146
44681,36145,חונים נוסעים ראשון לציון/דרך ההצלחה,רחוב: דרך ההצלחה עיר: ראשון לציון רציף:  קומה: ,31.972627,34.751512,0,,36145
44695,36265,יוסף טומי לפיד/דרך ההצלחה,רחוב: יוסף טומי לפיד עיר: ראשון לציון רציף:  קומה: ,31.974203,34.750745,0,,36265
44696,36057,תחנה מרכזית/ההסתדרות,רחוב: ההסתדרות 4 עיר: ראשון לציון רציף:  קומה: ,31.966063,34.785934,0,,36057
44697,36054,ת. מרכזית ראשל''צ/ההסתדרות,רחוב: ההסתדרות עיר: ראשון לציון רציף:  קומה: ,31.966391,34.784035,0,,36054
45021,36494,אפרים קישון/אריק איינשטיין,רחוב:   עיר: ראשון לציון רציף:  קומה: ,31.9493,34.827589,0,,36494
47696,36055,מסוף אבי האסירים,רחוב:   עיר: ראשון לציון רציף: 0 קומה: 0,31.954371,34.803814,0,23881,36055
47702,39941,מסוף קניון הזהב,רחוב:   עיר: ראשון לציון רציף: 0 קומה: 0,31.989034,34.775225,0,975,39941
47762,36055,מסוף אבי האסירים,רחוב:   עיר: ראשון לציון רציף: 1 קומה: ,31.954371,34.803814,0,23881,36055
47783,36055,מסוף אבי האסירים,רחוב:   עיר: ראשון לציון רציף: 0 קומה: ,31.954371,34.803814,0,23881,36055
47831,33512,ת. מרכזית ראשל''צ/רציפים,רחוב:   עיר: ראשון לציון רציף: 5   קומה: ,31.96779,34.785633,0,21658,33512
47832,33512,ת. מרכזית ראשל''צ/רציפים,רחוב:   עיר: ראשון לציון רציף: 7   קומה: ,31.96779,34.785633,0,21658,33512
47833,33512,ת. מרכזית ראשל''צ/רציפים,רחוב:   עיר: ראשון לציון רציף: 4   קומה: ,31.96779,34.785633,0,21658,33512
47836,33512,ת. מרכזית ראשל''צ/רציפים,רחוב:   עיר: ראשון לציון רציף: 15  קומה: ,31.96779,34.785633,0,21658,33512
47837,33512,ת. מרכזית ראשל''צ/רציפים,רחוב:   עיר: ראשון לציון רציף: 17  קומה: ,31.96779,34.785633,0,21658,33512
47978,33512,ת. מרכזית ראשל''צ/רציפים,רחוב:   עיר: ראשון לציון רציף: 6   קומה: ,31.96779,34.785633,0,21658,33512
47993,33512,ת. מרכזית ראשל''צ/רציפים,רחוב:   עיר: ראשון לציון רציף: 19  קומה: ,31.96779,34.785633,0,21658,33512
47999,33512,ת. מרכזית ראשל''צ/רציפים,רחוב:   עיר: ראשון לציון רציף: 8   קומה: ,31.96779,34.785633,0,21658,33512
48122,33512,ת. מרכזית ראשל''צ/רציפים,רחוב:   עיר: ראשון לציון רציף: 11  קומה: ,31.96779,34.785633,0,21658,33512
48137,33512,ת. מרכזית ראשל''צ/רציפים,רחוב:   עיר: ראשון לציון רציף: 14  קומה: ,31.96779,34.785633,0,21658,33512
48138,33512,ת. מרכזית ראשל''צ/רציפים,רחוב:   עיר: ראשון לציון רציף: 18  קומה: ,31.96779,34.785633,0,21658,33512
48139,33512,ת. מרכזית ראשל''צ/רציפים,רחוב:   עיר: ראשון לציון רציף: 20  קומה: ,31.96779,34.785633,0,21658,33512
48173,33512,ת. מרכזית ראשל''צ/רציפים,רחוב:   עיר: ראשון לציון רציף: 13  קומה: ,31.96779,34.785633,0,21658,33512
48174,39941,מסוף קניון הזהב,רחוב:   עיר: ראשון לציון רציף: 0 קומה: ,31.989034,34.775225,0,975,39941
48194,33512,ת. מרכזית ראשל''צ/רציפים,רחוב:   עיר: ראשון לציון רציף: 9   קומה: ,31.96779,34.785633,0,21658,33512
48214,33512,ת. מרכזית ראשל''צ/רציפים,רחוב:   עיר: ראשון לציון רציף: 10  קומה: ,31.96779,34.785633,0,21658,33512
48215,33512,ת. מרכזית ראשל''צ/רציפים,רחוב:   עיר: ראשון לציון רציף: 12  קומה: ,31.96779,34.785633,0,21658,33512
48233,33512,ת. מרכזית ראשל''צ/רציפים,רחוב:   עיר: ראשון לציון רציף: 16  קומה: ,31.96779,34.785633,0,21658,33512
48262,33512,ת. מרכזית ראשל''צ/רציפים,רחוב:   עיר: ראשון לציון רציף: 3   קומה: ,31.96779,34.785633,0,21658,33512
49209,36664,משה שרת/פנקס,רחוב: משה שרת 2 עיר: ראשון לציון רציף:  קומה: ,31.995642,34.750332,0,,36664
49283,36749,שדרות רחבעם זאבי/דיסקונט,רחוב: שדרות רחבעם זאבי עיר: ראשון לציון רציף:  קומה: ,31.989129,34.752723,0,,36749
49322,36751,שדרות רחבעם זאבי/דיסקונט,רחוב: שדרות רחבעם זאבי עיר: ראשון לציון רציף:  קומה: ,31.988594,34.753272,0,,36751
50126,36926,שלמה לוי/שער יפו,רחוב: שלמה לוי עיר: ראשון לציון רציף:  קומה: ,31.962154,34.827882,0,,36926
50130,36925,שלמה לוי/ירושלים,רחוב: שלמה לוי 8 עיר: ראשון לציון רציף:  קומה: ,31.960491,34.828193,0,,36925
50206,36988,שדרות משה דיין/נדב בסקינד,רחוב: שדרות משה דיין 11 עיר: ראשון לציון רציף:  קומה: ,31.984346,34.767163,0,,36988
50215,36990,שדרות משה דיין/אברהם בר,רחוב: שדרות משה דיין עיר: ראשון לציון רציף:  קומה: ,31.982339,34.771198,0,,36990
50249,37002,אברהם בר/ילדי טהרן,רחוב: אברהם בר עיר: ראשון לציון רציף:  קומה: ,31.984075,34.773098,0,,37002
50250,37003,אברהם בר/דוד סחרוב,רחוב: אברהם בר 13 עיר: ראשון לציון רציף:  קומה: ,31.98812,34.775305,0,,37003
50251,37010,קניון הזהב/אברהם בר,רחוב: אברהם בר עיר: ראשון לציון רציף:  קומה: ,31.989364,34.776058,0,,37010
50252,37001,אברהם בר/ילדי טהרן,רחוב: אברהם בר 2 עיר: ראשון לציון רציף:  קומה: ,31.983014,34.772199,0,,37001
50253,37004,קניון הזהב/אברהם בר,רחוב: אברהם בר עיר: ראשון לציון רציף:  קומה: ,31.989385,34.776371,0,,37004
50254,37011,שייקה דן/לזרוב,רחוב: שייקה דן עיר: ראשון לציון רציף:  קומה: ,31.991695,34.776876,0,,37011
50260,37023,שדרות משה דיין/יוסף לישנסקי,רחוב: שדרות משה דיין 32 עיר: ראשון לציון רציף:  קומה: ,31.986351,34.762775,0,,37023
50788,37496,כביש 44/דרך חיים הרצוג,רחוב: 44 עיר: ראשון לציון רציף:  קומה: ,31.974783,34.840117,0,,37496
50790,37494,כביש 4311/התגלית,רחוב: 4311 עיר: ראשון לציון רציף:  קומה: ,31.94849,34.762274,0,,37494
50843,37516,הר סיני/סעדיה גאון,רחוב: הר סיני 1 עיר: ראשון לציון רציף:  קומה: ,31.946036,34.827446,0,,37516
50894,37567,בנימין שמוטקין/התעשיין,רחוב: בנימין שמוטקין 48 עיר: ראשון לציון רציף:  קומה: ,31.983695,34.814951,0,,37567
51920,2883,תחנה תפעולית/חניון מעוין שורק,רחוב: השגשוג עיר: ראשון לציון רציף:  קומה: ,31.953053,34.776262,0,,2883
52113,3404,ראשון לציון/שרגא רפאלי,רחוב: ראשון לציון עיר: פתח תקווה רציף:  קומה: ,32.105077,34.87624,0,,3404
